"","...1","P","pm2","Alder","B.Ar","EL.Kar","EL.Kar.Original","O.Karak","O.Karak_num","BLEnergikWh","MatValg","MatValg_num","Oms.Typ","BolType","AntEiendom","EiendomAreal","VannkantGL","VegkantGL","RegLBE","RegGrunnforur","RegKulturEiendom","RegGrunnerverv","TotBoliger","BRA.Bolig","BRA.Annet","BRA.Tot","BebygdAreal","RegKulturByg","Etasje","Lopenr","Bruksareal.Enhet","AntallRom","AntallBad","AntallWC","PrivatEid","HarHeis","EtasjeSeksjon","Kjokken","VannKode","Vannforsyning","AvlopsKode","Avlop","DokumentAr","YearQuarter","DokumentDato","Matrikkel","Knr","Gnr","Bnr","Snr","Bygningsnummer","GateAdresse","EiendomAdressegatenavn","EiendomAdressehusnr","EiendomAdressebokstav","BruksEnhetsNummer","Postnummer","Bygningskategori","Dokumentnr","Bygningstype","Anvendelse","Naeringsgruppe","EiendomNordSor","EiendomOstVest"
"1",1,2900000,23200,13,2007,4,"D","Orange",2,176.38,"Tre",4,"Fritt salg","Rekkehus/kjede",1,182.7,0,0,0,0,0,0,1,125,0,125,0,0,1,1,125,4,2,2,1,0,"Hovedetasje","Kjøkken",1,"Tilkn. off. vannverk",2,"Privat kloakk",2020,"2020Q3",2020-07-20,"4627/17/547/NA",4627,17,547,0,23005077,"KOLLEVÅGTJØRNA 2","kollevågtjørna",2,NA,"H0101",5310,"Småhus",2769720,"Rekkehus","Bolig","Bolig",6742052.29,-41649.58
"2",26,1200000,0,37,1983,4,"D","Yellow",3,201.13,"Tre",4,"Fritt salg","Frittliggende enebolig",1,1470.9,0,0,0,0,0,0,1,0,0,0,0,0,1,1,0,4,0,0,1,0,"Hovedetasje","Kjøkken",0,"Ikke Oppgitt",0,"Ikke Oppgitt",2020,"2020Q4",2020-11-23,"4623/4/79/NA",4623,4,79,0,3421910,"Solbjørgvegen 421","solbjørgvegen",421,NA,"H0101",5652,"Småhus",3376262,"Enebolig","Bolig","Bolig",6728897.42,-15184.95
"3",32,4150000,23314.606741573,28,1992,4,"D","Orange",2,225.66,"Tre",4,"Fritt salg","Frittliggende enebolig",1,963.3,0,0,0,0,0,0,2,178,0,178,0,0,1,1,59,2,1,1,1,0,"Underetasje","Kjøkken",1,"Tilkn. off. vannverk",1,"Offentlig kloakk",2020,"2020Q1",2020-03-18,"4627/4/1018/NA",4627,4,1018,0,9825517,"VESTRE VARDANE 18","vestre vardane",18,NA,"H0101",5306,"Småhus",2243515,"Enebolig m/hybel/sokkelleil.","Bolig","Bolig",6741592.05,-37223.21
"4",33,4150000,23314.606741573,28,1992,4,"D","Orange",2,225.66,"Tre",4,"Fritt salg","Frittliggende enebolig",1,963.3,0,0,0,0,0,0,2,178,0,178,0,0,1,1,119,4,1,1,1,0,"Hovedetasje","Kjøkken",1,"Tilkn. off. vannverk",1,"Offentlig kloakk",2020,"2020Q1",2020-03-18,"4627/4/1018/NA",4627,4,1018,0,9825517,"VESTRE VARDANE 18","vestre vardane",18,NA,"H0101",5306,"Småhus",2243515,"Enebolig m/hybel/sokkelleil.","Bolig","Bolig",6741592.05,-37223.21
"5",51,4450000,28343.949044586,21,1998,4,"D","Orange",2,166.99,"Tre",4,"Fritt salg","Frittliggende enebolig",1,489.8,0,0,0,0,0,0,1,157,0,157,0,0,1,1,157,5,1,2,1,0,"Hovedetasje","Kjøkken",1,"Tilkn. off. vannverk",1,"Offentlig kloakk",2019,"2019Q1",2019-02-18,"4624/51/354/NA",4624,51,354,0,16460877,"KUHNLEVEGEN 125","kuhnlevegen",125,NA,"H0101",5200,"Småhus",202023,"Enebolig","Bolig","Bolig",6709646.71,-28096.67
"6",59,2700000,12442.3963133641,39,1980,2,"F","Orange",2,317.03,"Tre",4,"Fritt salg","Frittliggende enebolig",1,1136,0,0,0,0,0,0,1,217,0,217,0,0,1,1,217,4,1,1,1,0,"Hovedetasje","Kjøkken",1,"Tilkn. off. vannverk",0,"Ikke Oppgitt",2019,"2019Q3",2019-07-11,"4632/130/100/NA",4632,130,100,0,17650432,"Vardevegen 65","vardevegen",65,NA,"H0101",5953,"Småhus",810729,"Enebolig","Bolig","Bolig",6782277.72,-42908.77
"7",72,4435000,30376.7123287671,33,1988,4,"D","Orange",2,228.5,"Tre",4,"Fritt salg","Frittliggende enebolig",1,758.2,0,0,0,0,0,0,1,146,0,146,0,0,1,1,143,5,2,2,1,0,"Hovedetasje","Kjøkken",1,"Tilkn. off. vannverk",1,"Offentlig kloakk",2021,"2021Q2",2021-06-15,"4627/12/1400/NA",4627,12,1400,0,9820787,"Marikovneset 28","marikovneset",28,NA,"H0101",5302,"Småhus",720616,"Enebolig","Bolig","Bolig",6735987.74,-39653.16
"8",155,4050000,135000,92,1928,1,"G","Orange",2,658.38,"Tre",4,"Fritt salg","Frittliggende enebolig",2,1203.4,0,0,0,0,0,0,1,30,0,30,25,0,1,1,0,0,0,0,1,0,"Hovedetasje","Ikke Oppgitt",0,"Ikke Oppgitt",1,"Offentlig kloakk",2020,"2020Q1",2020-03-19,"4627/6/224/NA",4627,6,224,0,13595739,"FLORVÅGBAKKEN 62","florvågbakken",62,NA,"H0101",5305,"Småhus",2250292,"Enebolig","Bolig","Bolig",6738122.48,-36569.36
"9",156,4050000,135000,92,1928,1,"G","Orange",2,658.38,"Tre",4,"Fritt salg","Frittliggende enebolig",2,1203.4,0,0,0,0,0,0,1,30,0,30,25,0,0,0,0,0,0,0,1,0,NA,"Ikke Oppgitt",0,"Ikke Oppgitt",1,"Offentlig kloakk",2020,"2020Q1",2020-03-19,"4627/6/224/NA",4627,6,224,0,13595739,"FLORVÅGBAKKEN 62",NA,0,NA,"H0101",5305,"Småhus",2250292,"Enebolig","Bolig","Bolig",6738122.48,-36569.36
"10",175,5670000,21000,32,1988,3,"E","Orange",2,256.45,"Tre",4,"Fritt salg","Frittliggende enebolig",1,544.2,0,0,0,0,0,0,1,270,0,270,0,0,1,1,270,4,2,2,1,0,"Hovedetasje","Kjøkken",1,"Tilkn. off. vannverk",1,"Offentlig kloakk",2020,"2020Q2",2020-06-02,"4627/7/756/NA",4627,7,756,0,9818154,"Holmedalshammaren 17","holmedalshammaren",17,NA,"H0101",5300,"Småhus",2529915,"Enebolig","Bolig","Bolig",6736765.85,-37624.86
"11",196,5990000,22267.6579925651,35,1987,3,"E","Orange",2,248.72,"Tre",4,"Fritt salg","Frittliggende enebolig",1,737.9,0,0,0,0,0,0,2,269,0,269,0,0,1,1,60,2,1,1,1,0,"Underetasje","Kjøkken",1,"Tilkn. off. vannverk",1,"Offentlig kloakk",2022,"2022Q1",2022-03-15,"4624/8/473/NA",4624,8,473,0,9775668,"Lerkevegen 33","lerkevegen",33,NA,"H0101",5212,"Småhus",288500,"Enebolig m/hybel/sokkelleil.","Bolig","Bolig",6716368.39,-27155.86
"12",197,5990000,22267.6579925651,35,1987,3,"E","Orange",2,248.72,"Tre",4,"Fritt salg","Frittliggende enebolig",1,737.9,0,0,0,0,0,0,2,269,0,269,0,0,1,1,209,5,1,2,1,0,"Hovedetasje","Kjøkken",1,"Tilkn. off. vannverk",1,"Offentlig kloakk",2022,"2022Q1",2022-03-15,"4624/8/473/NA",4624,8,473,0,9775668,"Lerkevegen 33","lerkevegen",33,NA,"H0101",5212,"Småhus",288500,"Enebolig m/hybel/sokkelleil.","Bolig","Bolig",6716368.39,-27155.86
"13",263,2100000,11797.7528089888,46,1974,2,"F","Orange",2,341.12,"Tre",4,"Fritt salg","Frittliggende enebolig",1,1030.4,0,0,0,0,0,0,1,178,0,178,0,0,1,1,178,0,0,0,1,0,"Hovedetasje","Kjøkken",0,"Ikke Oppgitt",0,"Ikke Oppgitt",2020,"2020Q1",2020-02-06,"4632/149/45/NA",4632,149,45,0,176485795,"Åråshøgda 5","åråshøgda",5,NA,"H0101",5943,"Småhus",2078057,"Enebolig","Bolig","Bolig",6780467.51,-47119.66
"14",322,3010000,24672.131147541,8,2012,5,"C","Orange",2,135.82,"Tre",4,"Fritt salg","Tomannsbolig",1,345.2,0,0,0,0,0,0,1,122,0,122,93,0,1,1,122,4,2,3,1,0,"Hovedetasje","Kjøkken",1,"Tilkn. off. vannverk",1,"Offentlig kloakk",2020,"2020Q2",2020-04-07,"4626/10/208/NA",4626,10,208,0,300339519,"Austegardsvegen 85","austegardsvegen",85,NA,"H0101",5357,"Småhus",2320479,"Tomannsbolig, vertikaldelt","Bolig","Bolig",6729414.34,-49931.86
"15",324,3655000,30206.6115702479,17,2003,4,"D","Red",1,178.64,"Tre",4,"Fritt salg","Frittliggende enebolig",1,775.9,0,0,0,0,0,0,1,121,0,121,0,0,1,1,121,3,1,1,1,0,"Hovedetasje","Kjøkken",1,"Tilkn. off. vannverk",1,"Offentlig kloakk",2020,"2020Q3",2020-07-03,"4631/134/420/NA",4631,134,420,0,19239586,"Vardane 113","vardane",113,NA,"H0101",5911,"Småhus",2696542,"Enebolig","Bolig","Bolig",6754639.1,-34603.19
"16",361,3690000,19523.8095238095,13,2009,5,"C","Red",1,141.23,"Tre",4,"Fritt salg","Tomannsbolig",1,413.2,0,0,0,0,0,0,1,189,0,189,1,0,1,1,189,7,2,3,1,0,"Hovedetasje","Kjøkken",2,"Tilkn. privat vannverk",2,"Privat kloakk",2022,"2022Q1",2022-01-02,"4624/71/104/NA",4624,71,104,0,25378083,"Berge 77 B","berge",77,"B","H0101",5211,"Småhus",1077,"Tomannsbolig, vertikaldelt","Bolig","Bolig",6712284.92,-23709.46
"17",365,1200000,7185.62874251497,37,1983,3,"E","Yellow",3,225.47,"Tre",4,"Fritt salg","Frittliggende enebolig",1,561.1,0,0,0,0,0,0,1,167,0,167,0,0,1,1,167,4,1,2,1,0,"Hovedetasje","Kjøkken",2,"Tilkn. privat vannverk",2,"Privat kloakk",2020,"2020Q3",2020-07-17,"4628/39/60/NA",4628,39,60,0,9837787,NA,"mystervegen",55,NA,NA,5728,"Småhus",2763263,"Enebolig","Bolig","Bolig",6768397.86,-126.61
"18",376,2990000,18924.0506329114,46,1975,2,"F","Yellow",3,272.78,"Tre",4,"Fritt salg","Frittliggende enebolig",2,754.3,0,0,0,0,0,0,1,158,0,158,0,0,1,1,158,0,0,0,1,0,"Hovedetasje","Ikke Oppgitt",0,"Ikke Oppgitt",0,"Ikke Oppgitt",2021,"2021Q1",2021-02-04,"4628/20/283/NA",4628,20,283,0,175803343,"Haugane 27","haugane",27,NA,"H0101",5724,"Småhus",146161,"Enebolig","Bolig","Bolig",6749197.26,-6247.38
"19",439,3350000,24632.3529411765,8,2011,6,"B","Red",1,110.22,"Tre",4,"Fritt salg","Tomannsbolig",1,398.7,0,0,0,0,0,0,1,136,0,136,92,0,1,1,136,5,1,2,1,0,"Hovedetasje","Kjøkken",1,"Tilkn. off. vannverk",1,"Offentlig kloakk",2019,"2019Q4",2019-10-03,"4624/44/582/NA",4624,44,582,0,300037852,"Kvernhusrenen 1 I","kvernhusrenen",1,"I","H0101",5208,"Småhus",1164117,"Tomannsbolig, vertikaldelt","Bolig","Bolig",6705959.15,-29855.62
"20",543,2880000,0,32,1989,3,"E","Orange",2,218.55,"Tre",4,"Fritt salg","Rekkehus/kjede",1,257.1,0,0,0,0,0,0,1,0,0,0,0,0,1,1,0,4,1,1,1,0,"Hovedetasje","Kjøkken",1,"Tilkn. off. vannverk",0,"Ikke Oppgitt",2021,"2021Q4",2021-10-27,"4631/134/305/NA",4631,134,305,0,176321474,"Storsteinen 18","storsteinen",18,NA,"H0101",5911,"Småhus",1345775,"Rekkehus","Bolig","Bolig",6754805.18,-34527.11
"21",778,3250000,0,47,1972,2,"F","Orange",2,284.24,"Tre",4,"Fritt salg","Frittliggende enebolig",1,818.2,0,0,0,0,0,0,1,0,0,0,0,0,1,1,0,0,0,0,1,0,"Hovedetasje","Ikke Oppgitt",1,"Tilkn. off. vannverk",0,"Ikke Oppgitt",2019,"2019Q3",2019-09-10,"4627/12/852/NA",4627,12,852,0,13616183,"Søre Marikoven 42","søre marikoven",42,NA,"H0101",5302,"Småhus",1053583,"Enebolig","Bolig","Bolig",6735658.98,-40000.12
"22",779,3350000,19590.6432748538,37,1984,2,"F","Orange",2,290.57,"Tre",4,"Fritt salg","Frittliggende enebolig",2,1038,0,0,0,0,0,0,1,171,0,171,0,0,1,1,171,4,1,2,1,0,"Hovedetasje","Kjøkken",1,"Tilkn. off. vannverk",2,"Privat kloakk",2021,"2021Q2",2021-04-13,"4627/21/457/NA",4627,21,457,0,9807942,"Breivikvegen 107","breivikvegen",107,NA,NA,5310,"Småhus",421895,"Enebolig","Bolig","Bolig",6744474.35,-44289.89
"23",797,3100000,20805.3691275168,71,1950,1,"G","Orange",2,636.14,"Tre",4,"Fritt salg","Frittliggende enebolig",2,434.7,0,0,0,0,0,0,1,149,0,149,0,0,1,1,0,0,0,0,0,0,"Hovedetasje","Ikke Oppgitt",1,"Tilkn. off. vannverk",1,"Offentlig kloakk",2021,"2021Q2",2021-05-31,"4627/4/319/NA",4627,4,319,0,13588562,"Austre Vardane 46","austre vardane",46,NA,NA,5306,"Småhus",632706,"Enebolig","Bolig","Bolig",6741836.61,-36920.65
"24",808,2400000,22018.3486238532,10,2010,5,"C","Orange",2,135.99,"Tre",4,"Fritt salg","Tomannsbolig",1,573.1,0,0,0,0,0,0,1,109,0,109,0,0,1,1,109,4,2,2,1,0,"Hovedetasje","Kjøkken",0,"Ikke Oppgitt",0,"Ikke Oppgitt",2020,"2020Q1",2020-02-04,"4626/52/316/NA",4626,52,316,0,24182339,"Haganesbrekko 23","haganesbrekko",23,NA,"H0101",5357,"Småhus",2066963,"Tomannsbolig, vertikaldelt","Bolig","Bolig",6723463.94,-45547.33
"25",885,4750000,33928.5714285714,19,2000,5,"C","Yellow",3,155.49,"Tre",4,"Fritt salg","Frittliggende enebolig",1,523.2,0,0,0,0,0,0,1,140,0,140,0,0,1,1,140,5,2,2,1,0,"Hovedetasje","Kjøkken",1,"Tilkn. off. vannverk",1,"Offentlig kloakk",2019,"2019Q2",2019-06-05,"4627/10/561/NA",4627,10,561,0,19719499,"Lyngmarka 8","lyngmarka",8,NA,"H0101",5302,"Småhus",634000,"Enebolig","Bolig","Bolig",6736959.03,-39467.56
"26",1067,2880000,0,45,1974,3,"E","Orange",2,224.23,"Tre",4,"Fritt salg","Tomannsbolig",1,90,0,0,0,0,0,0,1,0,0,0,0,0,1,1,0,0,0,0,1,0,"Hovedetasje","Ikke Oppgitt",0,"Ikke Oppgitt",0,"Ikke Oppgitt",2019,"2019Q2",2019-06-17,"4626/32/75/NA",4626,32,75,0,175771484,"Skjenevegen 26","skjenevegen",26,NA,"H0101",5360,"Småhus",682264,"Tomannsbolig, vertikaldelt","Bolig","Bolig",6732529.21,-47227.21
"27",1228,5200000,26262.6262626263,69,1950,1,"G","Red",1,406.76,"Tre",4,"Fritt salg","Frittliggende enebolig",1,4420.7,0,0,0,0,0,0,1,198,0,198,23,0,0,0,0,0,0,0,1,0,NA,"Ikke Oppgitt",1,"Tilkn. off. vannverk",0,"Ikke Oppgitt",2019,"2019Q3",2019-07-15,"4627/1/237/NA",4627,1,237,0,13584338,"Liavegen 103",NA,0,NA,NA,5307,"Småhus",822302,"Enebolig","Bolig","Bolig",6744483.97,-37393.35
"28",1229,5200000,26262.6262626263,69,1950,1,"G","Red",1,406.76,"Tre",4,"Fritt salg","Frittliggende enebolig",1,4420.7,0,0,0,0,0,0,1,198,0,198,23,0,1,1,156,4,1,1,1,0,"Hovedetasje","Kjøkken",1,"Tilkn. off. vannverk",0,"Ikke Oppgitt",2019,"2019Q3",2019-07-15,"4627/1/237/NA",4627,1,237,0,13584338,"Liavegen 103","liavegen",103,NA,NA,5307,"Småhus",822302,"Enebolig","Bolig","Bolig",6744483.97,-37393.35
"29",1231,4600000,25842.6966292135,33,1988,3,"E","Orange",2,231.12,"Tre",4,"Fritt salg","Frittliggende enebolig",1,857.6,0,0,0,0,0,0,1,178,0,178,35,0,1,1,178,5,2,2,1,0,"Hovedetasje","Kjøkken",1,"Tilkn. off. vannverk",1,"Offentlig kloakk",2021,"2021Q3",2021-08-05,"4624/8/469/NA",4624,8,469,0,12319932,"Stallen 21","stallen",21,NA,"H0101",5212,"Småhus",957050,"Enebolig","Bolig","Bolig",6716645.8,-28044.5
"30",1232,4600000,25842.6966292135,33,1988,3,"E","Orange",2,231.12,"Tre",4,"Fritt salg","Frittliggende enebolig",1,857.6,0,0,0,0,0,0,1,178,0,178,35,0,0,0,0,0,0,0,1,0,NA,"Ikke Oppgitt",1,"Tilkn. off. vannverk",1,"Offentlig kloakk",2021,"2021Q3",2021-08-05,"4624/8/469/NA",4624,8,469,0,12319932,"Stallen 21",NA,0,NA,"H0101",5212,"Småhus",957050,"Enebolig","Bolig","Bolig",6716645.8,-28044.5
"31",1292,3930000,29328.3582089552,6,2015,6,"B","Red",1,125.38,"Tre",4,"Fritt salg","Rekkehus/kjede",1,221.1,0,0,0,0,0,0,1,134,0,134,107,0,1,1,134,5,1,2,1,0,"Hovedetasje","Kjøkken",1,"Tilkn. off. vannverk",2,"Privat kloakk",2021,"2021Q2",2021-06-04,"4626/51/382/NA",4626,51,382,0,300509960,"Hellemyrvegen 48","helletoppen",48,NA,NA,5177,"Småhus",668313,"Rekkehus","Bolig","Bolig",6727130.66,-41195.57
"32",1334,3780000,19285.7142857143,31,1988,3,"E","Orange",2,221.83,"Tre",4,"Fritt salg","Frittliggende enebolig",1,785.3,0,0,0,0,0,0,1,196,0,196,160,0,1,1,160,5,2,2,1,0,"Hovedetasje","Kjøkken",1,"Tilkn. off. vannverk",1,"Offentlig kloakk",2019,"2019Q1",2019-03-20,"4627/14/260/NA",4627,14,260,0,9818553,"Vinkelfjellet 22","vinkelfjellet",22,NA,NA,5308,"Småhus",336543,"Enebolig","Bolig","Bolig",6739862.94,-39208.79
"33",1356,3525000,11190.4761904762,31,1989,4,"D","Yellow",3,178.91,"Tre",4,"Fritt salg","Tomannsbolig",1,404.5,0,0,0,0,0,0,2,315,0,315,0,0,1,1,157,5,1,2,1,0,"Hovedetasje","Kjøkken",1,"Tilkn. off. vannverk",1,"Offentlig kloakk",2020,"2020Q1",2020-01-06,"4626/39/466/NA",4626,39,466,0,12191944,"Nordre Knappen 71 A","nordre knappen",71,"A","H0101",5355,"Småhus",1948401,"Tomannsbolig, vertikaldelt","Bolig","Bolig",6735227.18,-41566.75
"34",1390,4020000,21729.7297297297,38,1981,2,"F","Orange",2,281.86,"Tre",4,"Fritt salg","Frittliggende enebolig",1,990.3,0,0,0,0,0,0,1,185,0,185,0,0,1,1,185,5,1,1,1,0,"Hovedetasje","Kjøkken",1,"Tilkn. off. vannverk",1,"Offentlig kloakk",2019,"2019Q3",2019-08-14,"4624/59/43/NA",4624,59,43,0,12531699,"Nordmarka 78","nordmarka",78,NA,"H0101",5211,"Småhus",937769,"Enebolig","Bolig","Bolig",6712018.25,-26953.65
"35",1391,3300000,17368.4210526316,57,1962,1,"G","Yellow",3,289.75,"Tre",4,"Fritt salg","Frittliggende enebolig",1,966.4,0,0,0,0,0,0,1,190,0,190,150,0,1,1,190,0,0,0,1,0,"Hovedetasje","Kjøkken",1,"Tilkn. off. vannverk",1,"Offentlig kloakk",2019,"2019Q2",2019-05-10,"4626/24/132/NA",4626,24,132,0,175607455,"Gardsvegen 1","gardsvegen",1,NA,NA,5363,"Småhus",533137,"Enebolig","Bolig","Bolig",6740527.23,-51143.04
"36",1401,6000000,20202.0202020202,5,2014,6,"B","Red",1,113.05,"Tre",4,"Fritt salg","Frittliggende enebolig",1,812,0,0,0,0,0,0,1,297,0,297,192,0,1,1,297,7,2,3,1,0,"Hovedetasje","Kjøkken",1,"Tilkn. off. vannverk",1,"Offentlig kloakk",2019,"2019Q4",2019-11-01,"4626/23/352/NA",4626,23,352,0,300420613,"Vestre Angeltveit 8","vestre angeltveit",8,NA,NA,5363,"Småhus",1300027,"Enebolig","Bolig","Bolig",6738948.28,-50611.2
"37",1469,3350000,0,45,1974,2,"F","Yellow",3,315.9,"Tre",4,"Fritt salg","Frittliggende enebolig",1,969.7,0,0,0,0,0,0,1,0,0,0,0,0,1,1,0,0,0,0,1,0,"Hovedetasje","Ikke Oppgitt",0,"Ikke Oppgitt",0,"Ikke Oppgitt",2019,"2019Q3",2019-09-10,"4626/36/425/NA",4626,36,425,0,175631178,"Grunnavågsvegen 74","grunnavågsvegen",74,NA,"H0101",5354,"Småhus",1053417,"Enebolig","Bolig","Bolig",6733968.87,-43522.81
"38",1498,7600000,17194.5701357466,10,2009,5,"C","Green",5,143.95,"Mur/tegl",2,"Fritt salg","Frittliggende enebolig",1,2558.5,1,0,0,0,0,0,2,442,0,442,314,0,1,1,43,2,1,1,1,0,"Underetasje","Kjøkken",1,"Tilkn. off. vannverk",0,"Ikke Oppgitt",2019,"2019Q2",2019-05-07,"4627/4/1142/NA",4627,4,1142,0,22992686,"Øvre Skogvegen 36","øvre skogvegen",36,NA,NA,5306,"Småhus",518537,"Enebolig m/hybel/sokkelleil.","Bolig","Bolig",6741551.08,-36679.78
"39",1499,7600000,17194.5701357466,10,2009,5,"C","Green",5,143.95,"Mur/tegl",2,"Fritt salg","Frittliggende enebolig",1,2558.5,1,0,0,0,0,0,2,442,0,442,314,0,1,1,399,9,3,3,1,0,"Hovedetasje","Kjøkken",1,"Tilkn. off. vannverk",0,"Ikke Oppgitt",2019,"2019Q2",2019-05-07,"4627/4/1142/NA",4627,4,1142,0,22992686,"Øvre Skogvegen 36","øvre skogvegen",36,NA,NA,5306,"Småhus",518537,"Enebolig m/hybel/sokkelleil.","Bolig","Bolig",6741551.08,-36679.78
"40",1500,2200000,15277.7777777778,19,2000,5,"C","Yellow",3,145.69,"Tre",4,"Fritt salg","Frittliggende enebolig",1,1318.6,0,0,0,0,0,0,1,144,0,144,0,0,1,1,144,5,2,2,1,0,"Hovedetasje","Kjøkken",2,"Tilkn. privat vannverk",2,"Privat kloakk",2019,"2019Q2",2019-06-28,"4631/11/108/NA",4631,11,108,0,19235777,"Hosøyvegen 179","hosøyvegen",179,NA,"H0101",5993,"Småhus",745905,"Enebolig","Bolig","Bolig",6766787.97,-24375.65
"41",1529,4850000,30503.144654088,4,2015,5,"C","Orange",2,131.14,"Tre",4,"Fritt salg","Frittliggende enebolig",1,937.7,0,0,0,0,0,0,1,159,0,159,118,0,1,1,159,4,2,2,1,0,"Hovedetasje","Kjøkken",1,"Tilkn. off. vannverk",1,"Offentlig kloakk",2019,"2019Q2",2019-04-02,"4627/29/320/NA",4627,29,320,0,300501551,"Vestheim 107","vestheim",107,NA,NA,5314,"Småhus",389432,"Enebolig","Bolig","Bolig",6749159.84,-43701.39
"42",1547,4225000,18290.0432900433,32,1987,3,"E","Yellow",3,197.56,"Tre",4,"Fritt salg","Frittliggende enebolig",1,1250,0,0,0,0,0,0,1,231,0,231,0,0,1,1,231,4,1,2,1,0,"Hovedetasje","Kjøkken",3,"Privat innlagt",2,"Privat kloakk",2019,"2019Q1",2019-03-20,"4624/14/27/NA",4624,14,27,0,9770488,"Sperrevikvegen 14","sperrevikvegen",14,NA,"H0101",5215,"Småhus",336267,"Enebolig","Bolig","Bolig",6714759.99,-31571.89
"43",1548,2875000,21296.2962962963,14,2005,4,"D","Orange",2,172.54,"Tre",4,"Fritt salg","Tomannsbolig",1,964.2,0,0,0,0,0,0,1,135,0,135,0,0,1,1,135,4,1,1,1,0,"Hovedetasje","Kjøkken",1,"Tilkn. off. vannverk",1,"Offentlig kloakk",2019,"2019Q4",2019-10-01,"4626/21/124/NA",4626,21,124,0,22583646,"Tunfjellvegen 17","tunfjellvegen",17,NA,"H0101",5363,"Småhus",1149197,"Tomannsbolig, vertikaldelt","Bolig","Bolig",6736667.49,-50007.12
"44",1554,3150000,26033.0578512397,1,2018,5,"C","Orange",2,135.26,"Tre",4,"Fritt salg","Frittliggende enebolig",1,866.9,0,0,0,0,0,0,1,121,0,121,101,0,1,1,121,9,3,3,1,0,"Hovedetasje","Kjøkken",1,"Tilkn. off. vannverk",1,"Offentlig kloakk",2019,"2019Q2",2019-06-05,"4626/20/314/NA",4626,20,314,0,300590044,"Midtfjellet 66","midtfjellet",66,NA,"H0101",5363,"Småhus",633756,"Enebolig","Bolig","Bolig",6734430.59,-50442.78
"45",1599,2415000,0,170,1850,1,"G","Yellow",3,386.04,"Tre",4,"Fritt salg","Frittliggende enebolig",1,351.4,0,0,0,0,0,0,1,0,0,0,0,1,1,1,0,0,0,0,1,0,"Hovedetasje","Ikke Oppgitt",1,"Tilkn. off. vannverk",1,"Offentlig kloakk",2020,"2020Q2",2020-05-05,"4627/12/39/NA",4627,12,39,0,13613036,"Hovestølen 19","hovestølen",19,NA,"H0101",5303,"Småhus",2414396,"Enebolig","Bolig","Bolig",6737662.93,-40813
"46",1659,5600000,23829.7872340426,14,2005,5,"C","Yellow",3,138.75,"Tre",4,"Fritt salg","Frittliggende enebolig",1,997.6,0,0,0,0,0,0,1,235,0,235,0,0,1,1,235,4,1,2,1,0,"Hovedetasje","Kjøkken",1,"Tilkn. off. vannverk",1,"Offentlig kloakk",2019,"2019Q3",2019-07-04,"4624/44/536/NA",4624,44,536,0,21719560,"Halhjemsmarka 270","halhjemsmarka",270,NA,"H0101",5208,"Småhus",776312,"Enebolig","Bolig","Bolig",6705552.57,-29723.77
"47",1660,1150000,7615.8940397351,54,1965,1,"G","Orange",2,547.09,"Tre",4,"Fritt salg","Frittliggende enebolig",2,704,0,0,0,0,0,0,1,151,0,151,0,0,1,1,151,0,0,0,1,0,"Hovedetasje","Ikke Oppgitt",0,"Ikke Oppgitt",0,"Ikke Oppgitt",2019,"2019Q3",2019-07-05,"4628/20/27/NA",4628,20,27,0,175804331,"Træshaugen 19","træshaugen",19,NA,"H0101",5724,"Småhus",783267,"Enebolig","Bolig","Bolig",6748700.48,-6538.95
"48",1664,3410000,26850.3937007874,17,2002,4,"D","Orange",2,190.51,"Tre",4,"Fritt salg","Tomannsbolig",1,463.4,0,0,0,0,0,0,1,127,0,127,97,0,1,1,127,5,2,2,1,0,"Hovedetasje","Kjøkken",1,"Tilkn. off. vannverk",0,"Ikke Oppgitt",2019,"2019Q3",2019-07-11,"4631/1/369/NA",4631,1,369,0,21166855,"Høgdene 6","høgdene",6,NA,"H0101",5918,"Småhus",810624,"Tomannsbolig, vertikaldelt","Bolig","Bolig",6750519.35,-32709.41
"49",1692,4850000,32550.3355704698,0,2020,5,"C","Orange",2,142.55,"Tre",4,"Fritt salg","Frittliggende enebolig",1,1456.3,0,0,0,0,0,0,1,149,0,149,161,0,1,1,149,5,2,2,1,0,"Hovedetasje","Kjøkken",1,"Tilkn. off. vannverk",1,"Offentlig kloakk",2020,"2020Q1",2020-03-16,"4627/18/625/NA",4627,18,625,0,300732425,"Friluftsvegen 43 D","friluftsvegen",43,"D","H0101",5310,"Småhus",2234366,"Enebolig","Bolig","Bolig",6742925.97,-42859.34
"50",1698,3850000,28518.5185185185,17,2003,4,"D","Orange",2,179.04,"Tre",4,"Fritt salg","Tomannsbolig",1,402.7,0,0,0,0,0,0,1,135,0,135,0,0,1,1,135,5,2,2,1,0,"Hovedetasje","Kjøkken",1,"Tilkn. off. vannverk",1,"Offentlig kloakk",2020,"2020Q2",2020-05-06,"4627/10/581/NA",4627,10,581,0,19722716,"Lyngmarka 47 A","lyngmarka",47,"A","H0101",5302,"Småhus",2418026,"Tomannsbolig, vertikaldelt","Bolig","Bolig",6737124.52,-39509.19
"51",1725,2850000,23360.6557377049,31,1989,4,"D","Yellow",3,197.73,"Tre",4,"Fritt salg","Frittliggende enebolig",1,799.1,0,0,0,0,0,0,1,122,0,122,0,0,1,1,122,5,1,1,1,0,"Hovedetasje","Kjøkken",1,"Tilkn. off. vannverk",2,"Privat kloakk",2020,"2020Q3",2020-07-01,"4626/234/203/NA",4626,234,203,0,9859624,"Knappestigen 8","knappestigen",8,NA,"H0101",5337,"Småhus",2679300,"Enebolig","Bolig","Bolig",6745151.88,-50710.48
"52",1726,6500000,30952.380952381,13,2007,5,"C","Orange",2,139.63,"Tre",4,"Fritt salg","Frittliggende enebolig",1,1916.3,0,0,0,0,0,0,1,210,0,210,0,0,1,1,210,5,3,3,1,0,"Hovedetasje","Kjøkken",1,"Tilkn. off. vannverk",0,"Ikke Oppgitt",2020,"2020Q3",2020-07-17,"4631/322/30/NA",4631,322,30,0,21172510,"Juviknipa 7","juviknipa",7,NA,"H0101",5918,"Småhus",2761343,"Enebolig","Bolig","Bolig",6748064.08,-35501.21
"53",1733,4150000,20048.309178744,30,1990,4,"D","Orange",2,170.61,"Mur/tegl",2,"Fritt salg","Frittliggende enebolig",1,467.5,0,0,0,0,0,0,1,207,0,207,0,0,1,1,207,5,2,2,1,0,"Hovedetasje","Kjøkken",2,"Tilkn. privat vannverk",2,"Privat kloakk",2020,"2020Q3",2020-08-04,"4626/39/492/NA",4626,39,492,0,12193009,"Rennedalsvegen 19","rennedalsvegen",19,NA,"H0101",5355,"Småhus",2827236,"Enebolig","Bolig","Bolig",6733780.39,-41362.46
"54",1761,4550000,15066.2251655629,17,2003,4,"D","Orange",2,163.64,"Tre",4,"Fritt salg","Frittliggende enebolig",1,4704.6,0,0,0,0,0,0,2,302,0,302,0,0,1,1,40,2,1,1,1,0,"Underetasje","Kjøkken",3,"Privat innlagt",2,"Privat kloakk",2020,"2020Q2",2020-05-07,"4631/233/105/NA",4631,233,105,0,19231380,"Dyrhovden 2 A","dyrhovden",2,"B","H0101",5993,"Småhus",2423844,"Enebolig m/hybel/sokkelleil.","Bolig","Bolig",6759006.32,-19003.2
"55",1762,4550000,15066.2251655629,17,2003,4,"D","Orange",2,163.64,"Tre",4,"Fritt salg","Frittliggende enebolig",1,4704.6,0,0,0,0,0,0,2,302,0,302,0,0,1,1,262,7,2,2,1,0,"Hovedetasje","Kjøkken",3,"Privat innlagt",2,"Privat kloakk",2020,"2020Q2",2020-05-07,"4631/233/105/NA",4631,233,105,0,19231380,"Dyrhovden 2 A","dyrhovden",2,"A","H0101",5993,"Småhus",2423844,"Enebolig m/hybel/sokkelleil.","Bolig","Bolig",6759006.32,-19003.2
"56",1763,4350000,19683.257918552,22,1998,4,"D","Orange",2,176.18,"Tre",4,"Fritt salg","Frittliggende enebolig",1,951.4,0,0,0,0,0,0,2,221,0,221,0,0,1,1,149,5,2,2,1,0,"Hovedetasje","Kjøkken",1,"Tilkn. off. vannverk",0,"Ikke Oppgitt",2020,"2020Q3",2020-08-07,"4626/150/172/NA",4626,150,172,0,13004951,"Leirbakken 9","leirbakken",9,NA,"U0101",5382,"Småhus",2845000,"Enebolig m/hybel/sokkelleil.","Bolig","Bolig",6723276.29,-46879.38
"57",1764,4350000,19683.257918552,22,1998,4,"D","Orange",2,176.18,"Tre",4,"Fritt salg","Frittliggende enebolig",1,951.4,0,0,0,0,0,0,2,221,0,221,0,0,1,1,72,3,1,1,1,0,"Underetasje","Kjøkken",1,"Tilkn. off. vannverk",0,"Ikke Oppgitt",2020,"2020Q3",2020-08-07,"4626/150/172/NA",4626,150,172,0,13004951,"Leirbakken 9","leirbakken",9,NA,"U0101",5382,"Småhus",2845000,"Enebolig m/hybel/sokkelleil.","Bolig","Bolig",6723276.29,-46879.38
"58",1773,3300000,25000,3,2017,6,"B","Orange",2,128.53,"Tre",4,"Fritt salg","Tomannsbolig",1,523.3,0,0,0,0,0,0,1,132,0,132,86,0,1,1,132,5,2,2,1,0,"Hovedetasje","Kjøkken",1,"Tilkn. off. vannverk",1,"Offentlig kloakk",2020,"2020Q1",2020-03-13,"4624/73/85/NA",4624,73,85,0,300637242,"Hegglandsdalsvegen 304 B","hegglandsdalsvegen",304,"B","H0101",5211,"Småhus",2225313,"Tomannsbolig, vertikaldelt","Bolig","Bolig",6713178.55,-24345.1
"59",1776,3950000,23372.7810650888,34,1986,3,"E","Yellow",3,203.09,"Tre",4,"Fritt salg","Frittliggende enebolig",1,1283.1,0,0,0,0,0,0,1,169,0,169,0,0,1,1,169,5,1,2,1,0,"Hovedetasje","Kjøkken",0,"Ikke Oppgitt",0,"Ikke Oppgitt",2020,"2020Q1",2020-03-20,"4626/43/599/NA",4626,43,599,0,9802266,"Nygårdsvegen 13","nygårdsvegen",13,NA,"H0101",5350,"Småhus",2254560,"Enebolig","Bolig","Bolig",6731230.42,-41774.24
"60",1858,4490000,17335.9073359073,36,1985,2,"F","Orange",2,280.81,"Tre",4,"Fritt salg","Frittliggende enebolig",1,718.9,0,0,0,0,0,0,1,259,0,259,0,0,1,1,242,5,1,2,1,0,"Hovedetasje","Kjøkken",1,"Tilkn. off. vannverk",0,"Ikke Oppgitt",2021,"2021Q2",2021-06-24,"4631/323/361/NA",4631,323,361,0,9850635,"Juviknipa 68","juviknipa",68,NA,"H0101",5918,"Småhus",769515,"Enebolig","Bolig","Bolig",6747904.49,-35483.81
"61",1859,1710000,10426.8292682927,51,1969,1,"G","Red",1,404.5,"Tre",4,"Fritt salg","Frittliggende enebolig",1,1080,0,0,0,0,0,0,1,164,0,164,0,0,1,1,164,5,1,1,1,0,"Hovedetasje","Kjøkken",0,"Ikke Oppgitt",0,"Ikke Oppgitt",2020,"2020Q3",2020-07-30,"4631/211/14/NA",4631,211,14,0,176283300,"Li 31","li",31,NA,"H0101",5913,"Småhus",2808067,"Enebolig","Bolig","Bolig",6758723.14,-25320.06
"62",1875,3000000,30000,5,2016,6,"B","Orange",2,132.44,"Tre",4,"Fritt salg","Rekkehus/kjede",2,153.6,0,0,0,0,0,0,1,100,0,100,50,0,2,1,100,4,2,2,0,0,"Hovedetasje","Kjøkken",1,"Tilkn. off. vannverk",1,"Offentlig kloakk",2021,"2021Q2",2021-04-06,"4631/134/487/NA",4631,134,487,0,300655685,"Vardane 190","vardane",190,NA,"H0201",5911,"Småhus",391317,"Rekkehus","Bolig","Bolig",6754440.9,-34465.46
"63",1876,4200000,18103.4482758621,2,2020,6,"B","Red",1,116.7,"Tre",4,"Fritt salg","Frittliggende enebolig",1,928.9,0,0,0,0,0,0,1,232,0,232,141,0,1,1,186,5,2,2,1,0,"Hovedetasje","Kjøkken",3,"Privat innlagt",2,"Privat kloakk",2022,"2022Q1",2022-03-15,"4624/184/173/NA",4624,184,173,0,300803920,"Kletten 38","kletten",38,NA,"H0101",5643,"Småhus",289861,"Enebolig","Bolig","Bolig",6705299.72,-17852.2
"64",1877,5240000,25314.0096618357,1,2019,6,"B","Orange",2,127.01,"Tre",4,"Fritt salg","Frittliggende enebolig",1,855.7,0,0,0,0,0,0,1,207,0,207,254,0,1,1,207,5,2,2,1,0,"Hovedetasje","Kjøkken",1,"Tilkn. off. vannverk",1,"Offentlig kloakk",2020,"2020Q1",2020-01-07,"4627/18/623/NA",4627,18,623,0,300628470,"Friluftsvegen 43 B","friluftsvegen",43,"B","H0101",5310,"Småhus",1952008,"Enebolig","Bolig","Bolig",6743027.39,-42849.97
"65",1878,1500000,7500,10,2011,6,"B","Orange",2,113.85,"Tre",4,"Fritt salg","Frittliggende enebolig",1,999.2,0,0,0,0,0,0,1,200,0,200,145,0,1,1,200,2,1,2,1,0,"Hovedetasje","Kjøkken",1,"Tilkn. off. vannverk",1,"Offentlig kloakk",2021,"2021Q3",2021-09-30,"4626/114/209/NA",4626,114,209,0,300040090,"Gamle Skulevegen 17","gamle skulevegen",17,NA,"H0101",5378,"Småhus",1215089,"Enebolig","Bolig","Bolig",6713220.09,-46079.02
"66",1971,3320000,28135.593220339,3,2018,5,"C","Orange",2,134.53,"Tre",4,"Fritt salg","Frittliggende enebolig",1,325.9,0,0,0,0,0,0,1,118,0,118,82,0,1,1,118,4,1,2,1,0,"Hovedetasje","Kjøkken",1,"Tilkn. off. vannverk",1,"Offentlig kloakk",2021,"2021Q1",2021-02-11,"4631/212/126/NA",4631,212,126,0,300650839,"Vahaugen 20","vahaugen",20,NA,"H0101",5913,"Småhus",173186,"Enebolig","Bolig","Bolig",6757605.91,-24571.99
"67",2022,4700000,23383.0845771144,19,2002,5,"C","Yellow",3,144.5,"Tre",4,"Fritt salg","Frittliggende enebolig",2,1420.3,0,0,0,0,0,0,2,201,0,201,0,0,1,1,64,2,1,1,1,0,"Underetasje","Kjøkken",2,"Tilkn. privat vannverk",2,"Privat kloakk",2021,"2021Q3",2021-08-16,"4626/59/202/NA",4626,59,202,0,18643510,"Nordre Storhaugen 11","nordre storhaugen",11,NA,"U0101",5366,"Småhus",999477,"Enebolig m/hybel/sokkelleil.","Bolig","Bolig",6743523.29,-50749.87
"68",2023,4700000,23383.0845771144,19,2002,5,"C","Yellow",3,144.5,"Tre",4,"Fritt salg","Frittliggende enebolig",2,1420.3,0,0,0,0,0,0,2,201,0,201,0,0,1,1,137,4,1,2,1,0,"Hovedetasje","Kjøkken",2,"Tilkn. privat vannverk",2,"Privat kloakk",2021,"2021Q3",2021-08-16,"4626/59/202/NA",4626,59,202,0,18643510,"Nordre Storhaugen 11","nordre storhaugen",11,NA,"U0101",5366,"Småhus",999477,"Enebolig m/hybel/sokkelleil.","Bolig","Bolig",6743523.29,-50749.87
"69",2036,5450000,25586.8544600939,32,1989,3,"E","Orange",2,232.98,"Mur/tegl",2,"Fritt salg","Blokkleilighet",1,1325.6,0,0,0,0,0,0,2,213,0,213,125,0,1,1,152,3,1,2,1,0,"Hovedetasje","Kjøkken",1,"Tilkn. off. vannverk",1,"Offentlig kloakk",2021,"2021Q2",2021-04-09,"4627/7/745/NA",4627,7,745,0,9820868,"Nygjerdet 26","nygjerdet",26,NA,"H0101",5300,"Småhus",404884,"Enebolig m/hybel/sokkelleil.","Bolig","Bolig",6737505.61,-37050.07
"70",2037,5450000,25586.8544600939,32,1989,3,"E","Orange",2,232.98,"Mur/tegl",2,"Fritt salg","Blokkleilighet",1,1325.6,0,0,0,0,0,0,2,213,0,213,125,0,1,1,70,2,1,1,1,0,"Underetasje","Kjøkken",1,"Tilkn. off. vannverk",1,"Offentlig kloakk",2021,"2021Q2",2021-04-09,"4627/7/745/NA",4627,7,745,0,9820868,"Nygjerdet 26","nygjerdet",26,NA,"H0101",5300,"Småhus",404884,"Enebolig m/hybel/sokkelleil.","Bolig","Bolig",6737505.61,-37050.07
"71",2039,2070000,14375,56,1965,1,"G","Yellow",3,325.32,"Tre",4,"Fritt salg","Frittliggende enebolig",3,611.6,0,0,0,0,0,0,1,144,0,144,0,0,1,1,144,0,0,0,1,0,"Hovedetasje","Kjøkken",0,"Ikke Oppgitt",0,"Ikke Oppgitt",2021,"2021Q1",2021-03-08,"4624/208/29/NA",4624,208,29,0,175282866,"Sundvorvegen 799","sundvorvegen",799,NA,"H0101",5647,"Småhus",283565,"Enebolig","Bolig","Bolig",6703281.14,-12933.33
"72",2063,4350000,0,51,1970,1,"G","Orange",2,327.79,"Tre",4,"Fritt salg","Frittliggende enebolig",1,1229.7,0,0,0,0,0,0,1,0,0,0,0,0,1,1,0,0,0,0,1,0,"Hovedetasje","Ikke Oppgitt",0,"Ikke Oppgitt",0,"Ikke Oppgitt",2021,"2021Q2",2021-04-28,"4631/137/280/NA",4631,137,280,0,176247142,"Alvermarka 18","alvermarka",18,NA,NA,5911,"Småhus",494348,"Enebolig","Bolig","Bolig",6753411.71,-33521.48
"73",2064,2800000,22950.8196721311,97,1924,1,"G","Orange",2,439.27,"Tre",4,"Fritt salg","Annet",2,178258.9,1,0,1,0,0,0,1,122,0,122,0,0,1,1,122,5,1,1,1,0,"Hovedetasje","Kjøkken",3,"Privat innlagt",2,"Privat kloakk",2021,"2021Q1",2021-02-10,"4630/137/2/NA",4630,137,2,0,175866140,"Bullavegen 60","bullavegen",60,NA,"H0101",5281,"Småhus",170844,"Våningshus","Bolig","Bolig",6746871.2,-24542.49
"74",2069,13000000,42763.1578947368,58,1964,6,"B","Yellow",3,110.01,"Tre",4,"Fritt salg","Frittliggende enebolig",1,2030.8,1,0,0,0,0,0,1,304,0,304,0,0,1,1,304,9,3,3,1,0,"Hovedetasje","Kjøkken",1,"Tilkn. off. vannverk",1,"Offentlig kloakk",2022,"2022Q3",2022-07-04,"4624/63/243/NA",4624,63,243,0,12550154,"Austre Lurane 6","austre lurane",6,NA,"H0101",5200,"Småhus",730660,"Enebolig","Bolig","Bolig",6710104.14,-26965.63
"75",2106,4615000,36626.9841269841,5,2016,5,"C","Red",1,134.53,"Tre",4,"Fritt salg","Frittliggende enebolig",1,389.8,0,0,0,0,0,0,1,126,0,126,77,0,1,1,126,4,2,2,1,0,"Hovedetasje","Kjøkken",1,"Tilkn. off. vannverk",1,"Offentlig kloakk",2021,"2021Q2",2021-06-01,"4627/10/964/NA",4627,10,964,0,300451683,"Stongafjellsvegen 354","stongafjellsvegen",354,NA,"H0101",5301,"Småhus",640963,"Enebolig","Bolig","Bolig",6737138.04,-38347.86
"76",2107,3750000,28846.1538461538,16,2005,5,"C","Red",1,141.6,"Tre",4,"Fritt salg","Tomannsbolig",1,576.1,0,0,0,0,0,0,1,130,0,130,79,0,1,1,131,4,1,2,1,0,"Hovedetasje","Kjøkken",1,"Tilkn. off. vannverk",1,"Offentlig kloakk",2021,"2021Q2",2021-05-06,"4631/321/86/NA",4631,321,86,0,21170143,"Dalemarka 63 A","dalemarka",63,"A","H0101",5918,"Småhus",537281,"Tomannsbolig, vertikaldelt","Bolig","Bolig",6748981.9,-36974.98
"77",2113,5400000,39416.0583941606,3,2018,6,"B","Yellow",3,129.59,"Tre",4,"Fritt salg","Tomannsbolig",1,436.1,0,0,0,0,0,0,1,137,0,137,100,0,1,1,137,5,2,2,1,0,"Hovedetasje","Kjøkken",1,"Tilkn. off. vannverk",1,"Offentlig kloakk",2021,"2021Q1",2021-03-09,"4624/51/538/NA",4624,51,538,0,300626252,"Kuvågvegen 38 A","kuvågvegen",38,"A","H0101",5209,"Småhus",285892,"Tomannsbolig, vertikaldelt","Bolig","Bolig",6709714.08,-28202.5
"78",2115,6575000,24351.8518518519,18,2003,6,"B","Lightgreen",4,111.47,"Tre",4,"Fritt salg","Frittliggende enebolig",1,6733.8,0,0,0,0,0,0,1,270,0,270,0,0,1,1,270,6,2,2,1,0,"Hovedetasje","Kjøkken",2,"Tilkn. privat vannverk",1,"Offentlig kloakk",2021,"2021Q2",2021-06-25,"4626/24/201/NA",4626,24,201,0,22580264,"Landrovågen 16","landrovågen",16,NA,"H0101",5363,"Småhus",775358,"Enebolig","Bolig","Bolig",6740341.31,-51009.75
"79",2135,3000000,14778.3251231527,24,1995,2,"F","Green",5,266.47,"Betong",1,"Fritt salg","Frittliggende enebolig",1,951.4,0,0,0,0,0,0,1,203,0,203,0,0,1,1,203,4,1,1,1,0,"Hovedetasje","Kjøkken",1,"Tilkn. off. vannverk",0,"Ikke Oppgitt",2019,"2019Q3",2019-09-30,"4626/26/193/NA",4626,26,193,0,9802681,"Barnessvingen 3","barnessvingen",3,NA,"H0101",5363,"Småhus",1143618,"Enebolig","Bolig","Bolig",6740182.13,-49390.49
"80",2139,7250000,39189.1891891892,17,2005,5,"C","Orange",2,151.27,"Tre",4,"Fritt salg","Frittliggende enebolig",1,816.1,0,0,0,0,0,0,2,185,0,185,0,0,1,1,58,2,1,1,1,0,"Underetasje","Kjøkken",1,"Tilkn. off. vannverk",1,"Offentlig kloakk",2022,"2022Q4",2022-11-01,"4624/44/486/NA",4624,44,486,0,21712892,"Halhjemsmarka 280","halhjemsmarka",280,NA,"H0101",5208,"Småhus",1235755,"Enebolig m/hybel/sokkelleil.","Bolig","Bolig",6705572.49,-29856.86
"81",2140,6850000,37027.027027027,16,2005,5,"C","Orange",2,151.27,"Tre",4,"Fritt salg","Frittliggende enebolig",1,816.1,0,0,0,0,0,0,2,185,0,185,0,0,1,1,127,5,2,2,1,0,"Hovedetasje","Kjøkken",1,"Tilkn. off. vannverk",1,"Offentlig kloakk",2021,"2021Q1",2021-02-01,"4624/44/486/NA",4624,44,486,0,21712892,"Halhjemsmarka 280","halhjemsmarka",280,NA,"H0101",5208,"Småhus",123861,"Enebolig m/hybel/sokkelleil.","Bolig","Bolig",6705572.49,-29856.86
"82",2149,4400000,36974.7899159664,48,1973,2,"F","Yellow",3,284.53,"Tre",4,"Fritt salg","Frittliggende enebolig",1,1069.2,0,0,0,0,0,0,1,119,0,119,0,0,1,1,0,0,0,0,1,0,"Hovedetasje","Ikke Oppgitt",1,"Tilkn. off. vannverk",1,"Offentlig kloakk",2021,"2021Q2",2021-05-11,"4627/7/446/NA",4627,7,446,0,13602441,"Dalavegen 10","dalavegen",10,NA,"H0101",5300,"Småhus",560624,"Enebolig","Bolig","Bolig",6736986.19,-37142.14
"83",2192,6120000,31875,20,2001,4,"D","Orange",2,161.45,"Tre",4,"Fritt salg","Frittliggende enebolig",1,1203.6,0,0,0,0,0,0,1,192,0,192,0,0,1,1,192,7,2,2,1,0,"Hovedetasje","Kjøkken",1,"Tilkn. off. vannverk",2,"Privat kloakk",2021,"2021Q3",2021-09-17,"4631/137/191/NA",4631,137,191,0,19236692,"Stølen 35","stølen",35,NA,"H0101",5911,"Småhus",1155866,"Enebolig","Bolig","Bolig",6753169.67,-32981.64
"84",2248,3500000,27777.7777777778,20,2001,5,"C","Yellow",3,147.71,"Tre",4,"Fritt salg","Tomannsbolig",1,319.5,0,0,0,0,0,0,1,126,0,126,0,0,1,1,126,6,2,2,1,0,"Hovedetasje","Kjøkken",1,"Tilkn. off. vannverk",0,"Ikke Oppgitt",2021,"2021Q2",2021-06-04,"4631/318/15/NA",4631,318,15,0,21165581,"Sagstadvegen 103 A","sagstadvegen",103,"A","H0101",5919,"Småhus",668330,"Tomannsbolig, vertikaldelt","Bolig","Bolig",6749584.69,-35389.83
"85",2258,3550000,24825.1748251748,61,1960,2,"F","Orange",2,270.29,"Tre",4,"Fritt salg","Frittliggende enebolig",1,100,0,0,0,0,0,0,1,143,0,143,3,0,1,1,0,0,0,0,1,0,"Hovedetasje","Ikke Oppgitt",1,"Tilkn. off. vannverk",1,"Offentlig kloakk",2021,"2021Q2",2021-04-08,"4627/12/323/NA",4627,12,323,0,13614385,"Haugabøvegen 11","haugabøvegen",11,NA,"H0101",5303,"Småhus",400718,"Enebolig","Bolig","Bolig",6737840.41,-41102.86
"86",2284,4125000,26960.7843137255,23,1998,4,"D","Orange",2,177.17,"Tre",4,"Fritt salg","Rekkehus/kjede",1,343.3,0,0,0,0,0,0,1,153,0,153,0,0,1,1,153,5,1,1,1,0,"Hovedetasje","Kjøkken",1,"Tilkn. off. vannverk",1,"Offentlig kloakk",2021,"2021Q2",2021-04-06,"4631/188/716/NA",4631,188,716,0,19230627,"Oterdalen 72","oterdalen",72,NA,"H0101",5914,"Småhus",386406,"Rekkehus","Bolig","Bolig",6751775.77,-30584.07
"87",2325,6800000,17894.7368421053,19,2002,5,"C","Yellow",3,133.79,"Tre",4,"Fritt salg","Frittliggende enebolig",1,835.7,0,0,0,0,0,0,1,380,0,380,0,0,1,1,380,6,3,3,1,0,"Hovedetasje","Kjøkken",1,"Tilkn. off. vannverk",1,"Offentlig kloakk",2021,"2021Q1",2021-03-16,"4624/8/528/NA",4624,8,528,0,21713384,"Internatvegen 20","internatvegen",20,NA,"H0101",5212,"Småhus",317420,"Enebolig","Bolig","Bolig",6715922.84,-27621.69
"88",2327,3600000,30252.1008403361,15,2006,5,"C","Red",1,139.31,"Tre",4,"Fritt salg","Tomannsbolig",1,334.8,0,0,0,0,0,0,1,119,0,119,0,0,1,1,119,4,2,2,1,0,"Hovedetasje","Kjøkken",1,"Tilkn. off. vannverk",1,"Offentlig kloakk",2021,"2021Q1",2021-03-29,"4624/44/550/NA",4624,44,550,0,21721344,"Bjørnavegen 79 B","bjørnavegen",79,"B","H0101",5208,"Småhus",375071,"Tomannsbolig, vertikaldelt","Bolig","Bolig",6706173.23,-29388.56
"89",2365,4380000,23422.4598930481,4,2017,6,"B","Red",1,118.23,"Tre",4,"Fritt salg","Rekkehus/kjede",1,301.5,0,0,0,0,0,0,1,187,0,187,100,0,1,1,187,5,2,2,1,0,"Hovedetasje","Kjøkken",1,"Tilkn. off. vannverk",1,"Offentlig kloakk",2021,"2021Q1",2021-03-30,"4626/33/656/NA",4626,33,656,0,300574712,"Brurasteinane 12","brurasteinane",12,NA,"H0101",5360,"Småhus",378653,"Rekkehus","Bolig","Bolig",6731068.16,-45715.52
"90",2373,5000000,37037.037037037,3,2018,5,"C","Red",1,136.01,"Tre",4,"Fritt salg","Frittliggende enebolig",1,288.3,0,0,0,0,0,0,1,135,0,135,119,0,1,1,135,4,2,2,1,0,"Hovedetasje","Kjøkken",1,"Tilkn. off. vannverk",1,"Offentlig kloakk",2021,"2021Q1",2021-03-19,"4627/10/1004/NA",4627,10,1004,0,300544002,"Stongafjellsvegen 367","stongafjellsvegen",367,NA,"H0101",5301,"Småhus",334488,"Enebolig","Bolig","Bolig",6737200.32,-38457.79
"91",2392,5700000,26267.2811059908,7,2014,5,"C","Green",5,150.35,"Tre",4,"Fritt salg","Frittliggende enebolig",1,1517.6,0,0,0,0,0,0,1,217,0,217,0,0,1,1,217,5,2,2,1,0,"Hovedetasje","Kjøkken",2,"Tilkn. privat vannverk",1,"Offentlig kloakk",2021,"2021Q3",2021-08-06,"4624/187/27/NA",4624,187,27,0,300408907,"Vik 90","vik",90,NA,"H0101",5643,"Småhus",961499,"Enebolig","Bolig","Bolig",6706396.04,-17332.54
"92",2408,5050000,33223.6842105263,23,1998,4,"D","Red",1,177.22,"Tre",4,"Fritt salg","Frittliggende enebolig",1,769.2,0,0,0,0,0,0,1,152,0,152,0,0,1,1,152,5,1,2,1,0,"Hovedetasje","Kjøkken",1,"Tilkn. off. vannverk",1,"Offentlig kloakk",2021,"2021Q1",2021-03-30,"4627/10/527/NA",4627,10,527,0,19712028,"Svebrotet 101","svebrotet",101,NA,"H0101",5302,"Småhus",379802,"Enebolig","Bolig","Bolig",6736663.17,-39438.53
"93",2423,4000000,31746.0317460317,46,1976,3,"E","Yellow",3,232.72,"Tre",4,"Fritt salg","Tomannsbolig",1,350.4,0,0,0,0,0,0,1,126,0,126,0,0,1,1,126,4,1,1,1,0,"Hovedetasje","Kjøkken",1,"Tilkn. off. vannverk",1,"Offentlig kloakk",2022,"2022Q2",2022-06-01,"4624/51/186/NA",4624,51,186,0,12535821,"Brothaugen 44","brothaugen",44,NA,"H0101",5209,"Småhus",589759,"Tomannsbolig, vertikaldelt","Bolig","Bolig",6709154.66,-28245.07
"94",2495,3340000,25303.0303030303,0,2019,6,"B","Orange",2,128.53,"Tre",4,"Fritt salg","Tomannsbolig",1,418.6,0,0,0,0,0,0,1,132,0,132,93,0,1,1,132,5,2,2,1,0,"Hovedetasje","Kjøkken",1,"Tilkn. off. vannverk",1,"Offentlig kloakk",2019,"2019Q2",2019-06-25,"4624/27/500/NA",4624,27,500,0,300683691,"Skipavika 76 A","skipavika",76,"A","H0101",5218,"Småhus",724732,"Tomannsbolig, vertikaldelt","Bolig","Bolig",6709687.33,-34676.38
"95",2506,3050000,30198.0198019802,16,2006,4,"D","Orange",2,177.81,"Tre",4,"Fritt salg","Tomannsbolig",1,595,0,0,0,0,0,0,1,101,0,101,0,0,1,1,101,5,1,2,1,0,"Hovedetasje","Kjøkken",1,"Tilkn. off. vannverk",1,"Offentlig kloakk",2022,"2022Q2",2022-05-04,"4626/237/46/NA",4626,237,46,0,23277697,"Råkebakkane 9","råkebakkane",9,NA,"H0101",5337,"Småhus",481339,"Tomannsbolig, vertikaldelt","Bolig","Bolig",6748258.62,-51158.33
"96",2521,7400000,32173.9130434783,21,2001,6,"B","Lightgreen",4,110.46,"Tre",4,"Fritt salg","Frittliggende enebolig",2,1119.4,0,0,0,0,1,0,1,230,0,230,0,0,1,1,254,6,2,2,1,0,"Hovedetasje","Kjøkken",1,"Tilkn. off. vannverk",0,"Ikke Oppgitt",2022,"2022Q2",2022-06-01,"4626/150/129/NA",4626,150,129,0,21470317,"Leirbakken 17","leirbakken",17,NA,"H0101",5382,"Småhus",589717,"Enebolig","Bolig","Bolig",6723412.2,-46881.04
"97",2525,5000000,21739.1304347826,38,1984,3,"E","Yellow",3,233.57,"Tre",4,"Fritt salg","Frittliggende enebolig",1,1002.6,0,0,0,0,0,0,1,230,0,230,0,0,1,1,230,7,2,2,1,0,"Hovedetasje","Kjøkken",1,"Tilkn. off. vannverk",2,"Privat kloakk",2022,"2022Q2",2022-06-20,"4626/235/140/NA",4626,235,140,0,9855327,"Løtevegen 25","løtevegen",25,NA,"H0101",5337,"Småhus",665787,"Enebolig","Bolig","Bolig",6746964.55,-51479.37
"98",2526,3600000,28571.4285714286,26,1996,4,"D","Yellow",3,193.96,"Tre",4,"Fritt salg","Frittliggende enebolig",2,437.6,0,0,0,0,0,0,1,126,0,126,0,0,1,1,126,5,1,1,1,0,"Hovedetasje","Kjøkken",1,"Tilkn. off. vannverk",1,"Offentlig kloakk",2022,"2022Q1",2022-03-15,"4627/7/782/NA",4627,7,782,0,13637342,"Holmedalen 53","holmedalen",53,NA,"H0101",5300,"Småhus",292634,"Enebolig","Bolig","Bolig",6737037.17,-37485.26
"99",2542,3700000,27205.8823529412,10,2012,6,"B","Red",1,129.22,"Tre",4,"Fritt salg","Tomannsbolig",1,382.5,0,0,0,0,0,0,1,136,0,136,86,0,1,1,136,6,2,2,1,0,"Hovedetasje","Kjøkken",1,"Tilkn. off. vannverk",1,"Offentlig kloakk",2022,"2022Q1",2022-02-28,"4624/44/627/NA",4624,44,627,0,300226719,"Kjeldevegen 10 C","kjeldevegen",10,"C","H0101",5208,"Småhus",227501,"Tomannsbolig, vertikaldelt","Bolig","Bolig",6706548.01,-30206.98
"100",2568,7900000,30038.0228136882,3,2019,6,"B","Orange",2,111.01,"Tre",4,"Fritt salg","Frittliggende enebolig",1,851.3,0,0,0,0,0,0,2,263,0,263,166,0,1,1,205,4,2,2,1,0,"Hovedetasje","Kjøkken",3,"Privat innlagt",2,"Privat kloakk",2022,"2022Q2",2022-05-04,"4624/71/42/NA",4624,71,42,0,300702821,"Berge 63 B","berge",63,"B","H0101",5211,"Småhus",481535,"Enebolig m/hybel/sokkelleil.","Bolig","Bolig",6712208.13,-23583.45
"101",2569,7900000,30038.0228136882,3,2019,6,"B","Orange",2,111.01,"Tre",4,"Fritt salg","Frittliggende enebolig",1,851.3,0,0,0,0,0,0,2,263,0,263,166,0,1,1,58,3,1,1,1,0,"Underetasje","Kjøkken",3,"Privat innlagt",2,"Privat kloakk",2022,"2022Q2",2022-05-04,"4624/71/42/NA",4624,71,42,0,300702821,"Berge 63 B","berge",63,"A","H0101",5211,"Småhus",481535,"Enebolig m/hybel/sokkelleil.","Bolig","Bolig",6712208.13,-23583.45
"102",2588,2100000,21000,52,1969,1,"G","Yellow",3,393.13,"Tre",4,"Fritt salg","Frittliggende enebolig",1,3203.7,1,0,0,0,0,0,1,100,0,100,0,0,1,1,0,0,0,0,1,0,"Hovedetasje","Ikke Oppgitt",0,"Ikke Oppgitt",1,"Offentlig kloakk",2021,"2021Q4",2021-12-27,"4627/4/620/NA",4627,4,620,0,13589798,"Svaene 33","svaene",33,NA,"H0101",5306,"Småhus",1620332,"Enebolig","Bolig","Bolig",6742245.98,-36627.62
"103",2589,3950000,27622.3776223776,20,2002,4,"D","Orange",2,177.67,"Tre",4,"Fritt salg","Frittliggende enebolig",1,657,0,0,0,0,0,0,1,143,0,143,0,0,1,1,143,5,2,2,1,0,"Hovedetasje","Kjøkken",1,"Tilkn. off. vannverk",1,"Offentlig kloakk",2022,"2022Q2",2022-04-25,"4626/23/280/NA",4626,23,280,0,22576054,"Grønebakkane 40","grønebakkane",40,NA,"H0101",5363,"Småhus",434192,"Enebolig","Bolig","Bolig",6738773.72,-50268.38
"104",2590,3870000,32250,17,2005,4,"D","Yellow",3,161.77,"Tre",4,"Fritt salg","Tomannsbolig",2,697.3,0,0,0,0,0,0,1,120,0,120,15,0,1,1,193,5,1,1,1,0,"Hovedetasje","Kjøkken",1,"Tilkn. off. vannverk",1,"Offentlig kloakk",2022,"2022Q2",2022-05-23,"4626/237/81/NA",4626,237,81,0,23276828,"Torsvikhøgda 18","torsvikhøgda",18,NA,"H0101",5337,"Småhus",551642,"Tomannsbolig, vertikaldelt","Bolig","Bolig",6748103.77,-51144.87
"105",2592,6130000,23132.0754716981,33,1989,4,"D","Yellow",3,161.58,"Betong",1,"Fritt salg","Frittliggende enebolig",1,1158.9,0,0,0,0,0,0,1,265,0,265,0,0,1,1,265,4,1,2,1,0,"Hovedetasje","Kjøkken",1,"Tilkn. off. vannverk",2,"Privat kloakk",2022,"2022Q2",2022-05-06,"4627/12/1204/NA",4627,12,1204,0,9818251,"Søre Marikoven 70","søre marikoven",70,NA,"H0101",5302,"Småhus",490323,"Enebolig","Bolig","Bolig",6735480.78,-39967.06
"106",2601,1525000,12398.3739837398,65,1957,2,"F","Yellow",3,319.95,"Tre",4,"Fritt salg","Tomannsbolig",1,484.1,0,0,0,0,0,0,1,123,0,123,0,0,1,1,123,0,0,0,1,0,"Hovedetasje","Ikke Oppgitt",0,"Ikke Oppgitt",0,"Ikke Oppgitt",2022,"2022Q2",2022-04-04,"4628/22/484/NA",4628,22,484,0,175827412,"Postvegen 9 A","postvegen",9,"A","H0101",5722,"Småhus",367199,"Tomannsbolig, vertikaldelt","Bolig","Bolig",6752914.04,-1582.45
"107",2603,4300000,30496.4539007092,26,1996,3,"E","Orange",2,225.47,"Tre",4,"Fritt salg","Frittliggende enebolig",1,564,0,0,0,0,0,0,1,141,0,141,0,0,1,1,141,5,2,2,1,0,"Hovedetasje","Kjøkken",1,"Tilkn. off. vannverk",1,"Offentlig kloakk",2022,"2022Q2",2022-06-03,"4626/36/900/NA",4626,36,900,0,18626411,"Haugavegen 23","haugavegen",23,NA,"H0101",5354,"Småhus",601690,"Enebolig","Bolig","Bolig",6733565.01,-43365.77
"108",2643,4500000,29220.7792207792,62,1960,2,"F","Yellow",3,281.91,"Tre",4,"Fritt salg","Frittliggende enebolig",1,893.7,0,0,0,0,0,0,1,154,0,154,0,0,1,1,0,0,0,0,1,0,"Hovedetasje","Ikke Oppgitt",1,"Tilkn. off. vannverk",1,"Offentlig kloakk",2022,"2022Q2",2022-04-28,"4627/10/265/NA",4627,10,265,0,13611203,"Flaggdalen 21","flaggdalen",21,NA,NA,5302,"Småhus",453031,"Enebolig","Bolig","Bolig",6736894.35,-39198.04
"109",2706,6100000,34857.1428571429,110,1912,1,"G","Yellow",3,421.6,"Tre",4,"Fritt salg","Frittliggende enebolig",1,1526.6,0,0,0,0,0,0,1,175,0,175,0,0,1,1,0,0,0,0,1,0,"Hovedetasje","Ikke Oppgitt",1,"Tilkn. off. vannverk",1,"Offentlig kloakk",2022,"2022Q2",2022-04-01,"4627/7/32/NA",4627,7,32,0,13600007,"Gamle Kleppestøvegen 23","gamle kleppestøvegen",23,NA,"H0101",5300,"Småhus",363335,"Enebolig","Bolig","Bolig",6737158.33,-37081.4
"110",2737,5000000,21186.4406779661,34,1988,3,"E","Orange",2,219.35,"Tre",4,"Fritt salg","Frittliggende enebolig",1,895.3,0,0,0,0,0,0,1,236,0,236,0,0,1,1,236,8,2,2,1,0,"Hovedetasje","Kjøkken",1,"Tilkn. off. vannverk",1,"Offentlig kloakk",2022,"2022Q1",2022-03-01,"4624/34/388/NA",4624,34,388,0,9777407,"Skeismyra 59","skeismyra",59,NA,"H0101",5217,"Småhus",231723,"Enebolig","Bolig","Bolig",6709662.82,-30393.51
"111",2791,3490000,27054.2635658915,8,2014,6,"B","Orange",2,112.5,"Tre",4,"Fritt salg","Tomannsbolig",2,158.7,0,0,0,0,0,0,1,129,0,129,71,0,1,1,129,4,2,2,1,0,"Hovedetasje","Kjøkken",1,"Tilkn. off. vannverk",1,"Offentlig kloakk",2022,"2022Q2",2022-05-04,"4626/10/205/NA",4626,10,205,0,300528263,"Austegardsvegen 73 A","austegardsvegen",73,"A","H0101",5357,"Småhus",477429,"Tomannsbolig, vertikaldelt","Bolig","Bolig",6729452.09,-49924.79
"112",2793,8850000,42344.4976076555,11,2011,6,"B","Lightgreen",4,92.02,"Tre",4,"Fritt salg","Frittliggende enebolig",1,938.7,0,0,0,0,0,0,1,209,0,209,163,0,1,1,209,5,2,2,1,0,"Hovedetasje","Kjøkken",1,"Tilkn. off. vannverk",1,"Offentlig kloakk",2022,"2022Q3",2022-07-15,"4624/33/182/NA",4624,33,182,0,300147086,"Strønevegen 85","strønevegen",85,NA,"H0101",5217,"Småhus",786986,"Enebolig","Bolig","Bolig",6710509.95,-31148.64
"113",2796,6950000,24910.394265233,52,1970,3,"E","Yellow",3,212.55,"Tre",4,"Fritt salg","Frittliggende enebolig",1,925.8,0,0,0,0,0,0,2,279,0,279,0,0,1,1,229,5,1,2,1,0,"Hovedetasje","Kjøkken",1,"Tilkn. off. vannverk",1,"Offentlig kloakk",2022,"2022Q2",2022-05-16,"4624/63/322/NA",4624,63,322,0,9779280,"Stølsvegen 52","stølsvegen",52,NA,"H0101",5200,"Småhus",527513,"Enebolig m/hybel/sokkelleil.","Bolig","Bolig",6710856.32,-26962.64
"114",2797,2632000,0,72,1950,1,"G","Yellow",3,441.64,"Mur/tegl",2,"Fritt salg","Frittliggende enebolig",1,1344.6,0,0,0,0,0,0,1,0,0,0,0,0,1,1,0,0,0,0,1,0,"Hovedetasje","Ikke Oppgitt",0,"Ikke Oppgitt",0,"Ikke Oppgitt",2022,"2022Q2",2022-04-06,"4627/10/177/NA",4627,10,177,0,13610703,"Småvika 19","småvika",19,NA,"H0101",5302,"Småhus",381496,"Enebolig","Bolig","Bolig",6736475.76,-39483.79
"115",2798,3625000,27255.6390977444,34,1988,3,"E","Yellow",3,211.63,"Tre",4,"Fritt salg","Frittliggende enebolig",1,1016.3,0,0,0,0,0,0,1,133,0,133,0,0,1,1,133,4,1,2,1,0,"Hovedetasje","Kjøkken",1,"Tilkn. off. vannverk",1,"Offentlig kloakk",2022,"2022Q2",2022-04-12,"4626/105/164/NA",4626,105,164,0,9795146,"Vestmarka 8","vestmarka",8,NA,"H0101",5378,"Småhus",404988,"Enebolig","Bolig","Bolig",6716966.6,-44491.96
"116",2810,3350000,25968.992248062,9,2013,5,"C","Red",1,153.7,"Tre",4,"Fritt salg","Tomannsbolig",1,504.6,0,0,0,0,0,0,1,129,0,129,1,0,1,1,129,5,1,2,1,0,"Hovedetasje","Kjøkken",1,"Tilkn. off. vannverk",1,"Offentlig kloakk",2022,"2022Q2",2022-05-09,"4624/61/169/NA",4624,61,169,0,25375769,"Hjellevegen 91","hjellevegen",91,NA,"H0101",5211,"Småhus",496617,"Tomannsbolig, vertikaldelt","Bolig","Bolig",6712029.11,-26007.27
"117",2812,5800000,42647.0588235294,52,1970,3,"E","Yellow",3,214.65,"Tre",4,"Fritt salg","Frittliggende enebolig",1,1171.5,0,0,0,0,0,0,1,136,0,136,0,0,1,1,0,0,0,0,1,0,"Hovedetasje","Ikke Oppgitt",1,"Tilkn. off. vannverk",1,"Offentlig kloakk",2022,"2022Q1",2022-02-28,"4627/8/486/NA",4627,8,486,0,13606676,"Grønnlivegen 19","grønnlivegen",19,NA,"H0101",5300,"Småhus",225598,"Enebolig","Bolig","Bolig",6737370.16,-37540.69
"118",2813,2750000,27227.7227722772,28,1993,3,"E","Orange",2,214.05,"Tre",4,"Fritt salg","Rekkehus/kjede",1,167.9,0,0,0,0,0,0,1,101,0,101,0,0,2,1,101,4,1,1,1,0,"Hovedetasje","Kjøkken",1,"Tilkn. off. vannverk",1,"Offentlig kloakk",2021,"2021Q1",2021-02-24,"4626/41/541/NA",4626,41,541,0,12198892,"Botnafjellsvegen 8","botnafjellsvegen",8,NA,"H0201",5353,"Småhus",229733,"Rekkehus","Bolig","Bolig",6732391.29,-42954.47
"119",2830,1400000,8588.95705521472,0,2022,7,"A","Red",1,96.66,"Tre",4,"Fritt salg","Blokkleilighet",1,726.4,0,0,0,0,0,0,1,163,0,163,118,0,1,1,163,6,2,2,1,0,"Hovedetasje","Kjøkken",1,"Tilkn. off. vannverk",1,"Offentlig kloakk",2021,"2021Q2",2021-04-09,"4626/57/167/NA",4626,57,167,0,300867184,"Huldraspelet 19","huldraspelet",19,NA,"H0101",5357,"Småhus",409942,"Enebolig","Bolig","Bolig",6729726.46,-47483.21
"120",2831,3240000,0,47,1975,2,"F","Orange",2,282.19,"Tre",4,"Fritt salg","Tomannsbolig",1,406.9,0,0,0,0,0,0,1,0,0,0,0,0,1,1,0,0,0,0,1,0,"Hovedetasje","Ikke Oppgitt",1,"Tilkn. off. vannverk",1,"Offentlig kloakk",2022,"2022Q2",2022-05-02,"4627/12/1117/NA",4627,12,1117,0,13617678,"Hovestølen 53 B","hovestølen",53,"B","H0101",5303,"Småhus",465772,"Tomannsbolig, vertikaldelt","Bolig","Bolig",6737943.23,-40708.64
"121",2848,5020000,34149.6598639456,32,1990,3,"E","Orange",2,226.75,"Tre",4,"Fritt salg","Frittliggende enebolig",1,1565.8,0,0,0,0,0,0,1,147,0,147,0,0,1,1,147,5,2,2,1,0,"Hovedetasje","Kjøkken",2,"Tilkn. privat vannverk",2,"Privat kloakk",2022,"2022Q2",2022-04-05,"4626/50/459/NA",4626,50,459,0,12194536,"Pollhaugen 1","pollhaugen",1,NA,"H0101",5177,"Småhus",375399,"Enebolig","Bolig","Bolig",6728187.67,-41270.84
