Knr,Gnr,Bnr,Snr,Fnr,Andelsnummer,Bygningsnummer,GateAdresse,Postnummer,Poststed,BruksEnhetsNummer,Organisasjonsnummer,Bygningskategori,Byggear,Energikarakter,Oppvarmingskarakter,Utstedelsesdato,TypeRegistrering,Attestnummer,BeregnetLevertEnergiTotaltkWhm2,BeregnetFossilandel,Materialvalg,HarEnergiVurdering,EnergiVurderingDato
3807,212,656,1,,,,Tangkleiv 55,3731,Skien,H0101,,Småhus,1994,D,Orange,2010-01-31T22:46:47.0000000,Simple,A2010-1323,199.43,,Tre,False,
3437,236,43,,,,19175065,FYRUVEGEN 4,2670,OTTA,H0101,,Småhus,2003,C,Yellow,2010-01-31T22:44:13.0000000,Simple,A2010-1322,128.31,,Tre,False,
0301,231,438,,,,,Sons gate 27,0654,Oslo,H0102,,Boligblokker,1934,G,Orange,2010-01-31T22:26:08.0000000,Simple,A2010-1320,515.1,,Mur/tegl,False,
5031,46,96,,,,,Smiskaret 61,7563,Malvik,H0101,,Småhus,2000,D,Orange,2010-01-31T20:57:19.0000000,Simple,A2010-1319,181.15,,Tre,False,
5031,46,96,,,,,Smiskaret 61,7563,Malvik,H0101,,Småhus,1999,D,Orange,2010-01-31T20:40:24.0000000,Simple,A2010-1318,181.15,,Tre,False,
3005,20,350,,,,,Anchersens vei 70,3043,Drammen,H0101,,Småhus,1968,E,Red,2010-01-31T18:59:20.0000000,Simple,A2010-1316,296.72,,Tre,False,
3411,247,65,,,,,Prestegårdsskogen 2,2390,Moelv,H0101,,Småhus,2002,C,Yellow,2010-01-31T17:26:15.0000000,Simple,A2010-1315,148.15,,Tre,False,
3006,8616,148,14,,,23463598,BORGHILD SPITENS VEI 29,3610,KONGSBERG,H0101,,Småhus,2007,E,Orange,2010-01-31T15:38:47.0000000,Simple,A2010-1314,245.96,,Tre,False,
3006,8616,148,14,,,23463598,BORGHILD SPITENS VEI 29,3610,KONGSBERG,H0101,,Småhus,2007,D,Orange,2010-01-31T14:54:31.0000000,Simple,A2010-1313,209.43,,Tre,False,
3024,15,201,,,,17278096,SKOGVEIEN 72 C,1369,STABEKK,H0101,,Småhus,1964,E,Orange,2010-01-31T14:52:01.0000000,Simple,A2010-1312,269.66,,Tre,False,
3436,285,39,,,,156209260,Stemningsvika 2,2640,VINSTRA,H0101,,Småhus,1980,D,Yellow,2010-01-31T14:03:55.0000000,Simple,A2010-1310,212.81,,Tre,False,
5028,251,51,,,,,gaudalen 6,7236,hovin i gauldal,H0101,,Småhus,1973,F,Orange,2010-01-31T13:09:32.0000000,Simple,A2010-1307,344.52,,Tre,False,
4601,209,544,2,,,9578498,STORBOTN 47 B,5106,ØVRE ERVIK,H0101,,Småhus,1997,D,Orange,2010-01-30T21:32:42.0000000,Simple,A2010-1306,226.3,,Tre,False,
3806,43,272,,,,,Glimmervegen 31,3931,Porsgrunn,H0101,,Småhus,1973,D,Yellow,2010-01-30T20:52:28.0000000,Simple,A2010-1305,173.94,,Tre,False,
5001,104,685,,,,182404063,RYDNINGEN 11,7027,TRONDHEIM,H0101,,Småhus,1975,E,Red,2010-01-30T20:09:32.0000000,Simple,A2010-1304,262.2,,Tre,False,
3020,40,747,,,,0040747,Utsiktsveien 34,1410,Kolbotn,H0101,,Småhus,1982,D,Orange,2010-01-30T14:58:21.0000000,Simple,A2010-1300,182.48,,Tre,False,
3805,4064,2,,,5,37,kleiverhagen 37,3268,larvik,H0101,,Småhus,1996,D,Red,2010-01-30T09:45:59.0000000,Simple,A2010-1294,228.46,,Tre,False,
3020,40,747,,,,0040747,Utsiktsveien 34,1410,Kolbotn,H0101,,Småhus,1982,E,Red,2010-01-29T22:58:29.0000000,Simple,A2010-1292,264.18,,Tre,False,
3048,90,189,,,,,Fossveien 18,3370,Vikersund,H0101,,Småhus,1990,C,Yellow,2010-01-29T21:32:09.0000000,Simple,A2010-1291,151.76,,Tre,False,
4626,36,399,,,,,Grunnavågsveien 44,5353,Fjell,H0101,,Småhus,1970,E,Yellow,2010-01-29T20:52:06.0000000,Simple,A2010-1290,254.63,,Tre,False,
1108,33,701,2,,,,Grasdalen 13B,4325,Sandnes,H0101,,Småhus,2002,C,Yellow,2010-01-29T20:35:09.0000000,Simple,A2010-1289,152.11,,Tre,False,
3813,106,850,,,,12,Baneåsen 12,3970,Langesund,H0101,,Småhus,1972,E,Yellow,2010-01-29T15:02:12.0000000,Simple,A2010-1288,260,,Tre,False,
5401,120,28,,,,,Oscar Larsens vei 14,9007,Tromsø,H0101,,Småhus,1951,G,Orange,2010-01-29T14:33:58.0000000,Simple,A2010-1287,473.52,,Tre,False,
3001,9,51,,,,,Isebakkeveien 133,1788,Berg i Østfold,H0101,,Småhus,2007,D,Orange,2010-01-29T14:28:20.0000000,Simple,A2010-1286,183.2,,Tre,False,
5059,31,23,,,,,Øvre Brakkan 29,7332,Løkken Verk,H0101,,Småhus,1940,F,Orange,2010-01-28T23:28:00.0000000,Simple,A2010-1282,368.97,,Tre,False,
1804,37,335,,,,,Per Helgesens vei 20,8013,Bodø,H0101,,Småhus,1988,D,Orange,2010-01-28T19:24:33.0000000,Simple,A2010-1278,202.83,,Tre,False,
1101,7,671,,,,,Vadlåsveien 48,4370,Egersund,H0101,,Småhus,2008,C,Yellow,2010-01-28T19:16:16.0000000,Simple,A2010-1277,126.8,,Tre,False,
5001,401,235,,,,,carl johans gt.8,7010,trondheim,h0303,930699969,Småhus,1850,F,Red,2010-01-28T17:04:49.0000000,Simple,A2010-1274,444.9,,Tre,False,
,5,5,,1,,,Kastanjeveien 2,3950,Brevik,H0101,,Småhus,1903,F,Yellow,2010-01-28T17:02:53.0000000,Simple,A2010-1273,321.44,,Tre,False,
4819,215,90,,,,184531119-0,Skolestien 4,7232,LUNDAMO,H0101,,Småhus,1979,F,Orange,2010-01-28T14:50:22.0000000,Simple,A2010-1272,320.93,,Tre,False,
1804,40,336,,,,15084502,SVARTLIRINGEN 5,8073,BODØ,H0101,,Småhus,1996,D,Orange,2010-01-28T10:45:55.0000000,Simple,A2010-1271,172.76,,Tre,False,
3036,129,159,,,134,7006438,Haukvegen 7a,2032,maura,h0101,,Småhus,1989,E,Orange,2010-01-28T09:40:41.0000000,Simple,A2010-1270,264.26,,Betong,False,
3031,15,717,,,,20899077,SKOGVEIEN 27,1482,NITTEDAL,H0101,,Småhus,2000,D,Orange,2010-01-27T22:21:51.0000000,Simple,A2010-1268,186.37,,Tre,False,
3049,38,56,,,,,Kjellstadvegen 36,3400,Lier,H0101,,Småhus,1989,C,Yellow,2010-01-27T19:41:36.0000000,Simple,A2010-1265,146.08,,Tre,False,
1103,15,628,1,,,,Godesethagen 32,4034,Stavanger,H0101,,Småhus,1988,D,Yellow,2010-01-27T19:34:23.0000000,Simple,A2010-1264,198.08,,Tre,False,
5401,117,539,,,,11444741,BÅTSMANNSVEGEN 27B,9014,TROMSØ,H0101,,Småhus,1988,D,Orange,2010-01-27T18:44:16.0000000,Simple,A2010-1263,228.71,,Tre,False,
3024,20,1249,,,,18553864,CAPRALHAUGEN 73,1358,JAR,H0101,,Småhus,1975,F,Orange,2010-01-27T18:09:03.0000000,Simple,A2010-1262,306.59,,Tre,False,
1806,40,860,,1269,,5,Fosseveien 47,8515,Narvik,H0101,,Småhus,2005,D,Orange,2010-01-27T13:30:10.0000000,Simple,A2010-1261,214.02,,Tre,False,
3802,78,114,,,,24130967,TUFTVEIEN 101,3070,SANDE I VESTFOLD,H0101,,Småhus,2007,C,Yellow,2010-01-27T10:36:51.0000000,Simple,A2010-1260,139.72,,Tre,False,
3001,5,233,2,,,,Isebakkevein 95A,1788,Berg i Østfold,H0101,,Småhus,2003,D,Orange,2010-01-27T08:40:43.0000000,Simple,A2010-1259,192.99,,Tre,False,
1535,46,263,,,,16349321,MYRATEIGEN 3,6390,VESTNES,H0101,,Småhus,1997,D,Yellow,2010-01-26T19:11:12.0000000,Simple,A2010-1257,179.4,,Tre,False,
5001,23,627,,,,,Markaplassen 429,7054,Ranheim,H0101,,Småhus,1997,D,Yellow,2010-01-26T18:11:43.0000000,Simple,A2010-1255,187.21,,Tre,False,
1124,3,519,,,,,ankerringen 12,4056,tananger,H0101,,Småhus,1974,D,Orange,2010-01-26T14:48:58.0000000,Simple,A2010-1252,192.4,,Tre,False,
0301,212,654,9,,,,Nobels gate 21,0268,Oslo,H0201,,Boligblokker,1930,G,Orange,2010-01-26T14:25:17.0000000,Simple,A2010-1251,560.95,,Betong,False,
0301,12,466,,,,,Griniveien 44,0756,Oslo,H0101,,Småhus,2005,B,Orange,2010-01-26T13:57:08.0000000,Simple,A2010-1250,118.96,,Tre,False,
0301,12,466,,,,,Griniveien 44,0756,Oslo,H0101,,Småhus,2005,C,Red,2010-01-26T13:38:27.0000000,Simple,A2010-1249,141.18,,Tre,False,
4617,95,51,,,,,Vågaberegt 2,5464,Dimmelsvik,H0101,,Småhus,1976,D,Yellow,2010-01-26T13:17:57.0000000,Simple,A2010-1248,208.85,,Tre,False,
0301,110,46,,,84,,Trygve Nilsensvei 14d,1061,Oslo,H0101,,Småhus,1981,F,Orange,2010-01-25T22:38:25.0000000,Simple,A2010-1244,319.97,,Tre,False,
3048,103,210,1,,,19843378,STORGATA 54,3300,HOKKSUND,H0101,,Småhus,2007,D,Orange,2010-01-25T22:20:41.0000000,Simple,A2010-1243,224.03,,Tre,False,
0301,183,447,,,,,Fjellklangveien 3 B,1166,Oslo,H0101,,Småhus,2000,C,Yellow,2010-01-25T20:41:44.0000000,Simple,A2010-1241,146.54,,Tre,False,
5001,423,347,,,,182198811,Møllebakken 85,7020,TRONDHEIM,,,Småhus,1964,G,Orange,2010-01-25T19:15:43.0000000,Simple,A2010-1239,498.99,,Tre,False,
1507,50,506,,,,,Åsestien 1,6017,Ålesund,H0101,,Småhus,1982,D,Yellow,2010-01-25T16:42:24.0000000,Simple,A2010-1237,184.27,,Tre,False,
1130,45,48,,,,,Sundagshaugen 6,4100,Jørpeland,H0101,,Småhus,1962,F,Yellow,2010-01-25T14:39:22.0000000,Simple,A2010-1235,324.29,,Tre,False,
5419,1,122,,,,,Langhågen 33,9300,Finnsnes,H0101,,Småhus,2000,C,Orange,2010-01-25T14:37:39.0000000,Simple,A2010-1234,154.81,,Tre,False,
1103,16,1285,12,,,,Laberget 120,4020,Stavanger,H0402,,Boligblokker,2006,E,Red,2010-01-25T14:32:25.0000000,Simple,A2010-1233,195.73,,Betong,False,
1103,16,1285,12,,,,Laberget 120,4020,Stavanger,H0402,,Boligblokker,2004,E,Red,2010-01-25T14:23:00.0000000,Simple,A2010-1232,193.38,,Betong,False,
4601,46,181,,,,,Totlandsveien 36,5224,Nesttun,H0101,,Småhus,1962,D,Orange,2010-01-25T14:16:16.0000000,Simple,A2010-1230,215.35,,Tre,False,
1103,16,1285,12,,,,Laberget 120,4020,Stavanger,H0402,,Småhus,1997,D,Yellow,2010-01-25T14:11:39.0000000,Simple,A2010-1229,164.79,,Tre,False,
0301,180,26,,,,,Stenbråtveien 112D,1283,Oslo,H0101,,Småhus,1996,E,Orange,2010-01-25T08:57:27.0000000,Simple,A2010-1228,271.47,,Tre,False,
3025,63,346,,,,,Øvre Dyrhusbakken15,1390,Vollen,H0101,,Småhus,2010,C,Orange,2010-01-25T03:31:30.0000000,Simple,A2010-1227,133.73,,Tre,False,
3027,105,291,,,,6829562,KNUT THORSTENSENS VEG 2,2005,RÆLINGEN,H0101,,Småhus,1988,E,Orange,2010-01-24T22:17:32.0000000,Simple,A2010-1226,252.7,,Tre,False,
3038,199,28,4,,,22355422,VIKSENGA 8,3530,RØYSE,H0101,,Småhus,2006,C,Yellow,2010-01-24T21:41:49.0000000,Simple,A2010-1223,140.13,,Tre,False,
1103,56,1033,,,,4541871,KANNIKGATA 55,4009,STAVANGER,H0101,,Småhus,1917,F,Yellow,2010-01-24T19:56:23.0000000,Simple,A2010-1221,401.38,,Betong,False,
4602,23,193,,,,24,Skipardalen 24,6900,Florø,H0101,,Småhus,1997,D,Orange,2010-01-24T14:02:45.0000000,Simple,A2010-1217,205.81,,Tre,False,
1806,39,183,,,,,ofotveien 3,8517,Narvik,H0101,,Småhus,1903,G,Orange,2010-01-24T12:14:54.0000000,Simple,A2010-1216,595.1,,Tre,False,
3443,143,25,,,,,Nysethbakken 14,2830,Raufoss,H0101,,Småhus,1943,F,Orange,2010-01-23T00:36:02.0000000,Simple,A2010-1214,424.23,,Tre,False,
5006,97,100,,5,,,Dambakkvegen 1,7711,Steinkjer,H0101,,Småhus,1976,E,Orange,2010-01-22T19:06:08.0000000,Simple,A2010-1210,258.15,,Tre,False,
1149,115,196,,,,23895323,Buhagen 21,5541,KOLNES,H0101,,Småhus,2005,D,Orange,2010-01-22T13:55:58.0000000,Simple,A2010-1208,159.18,,Tre,False,
5001,96,209,,,,182304611,BRODDES VEG 5,7021,TRONDHEIM,H0101,,Småhus,1968,F,Orange,2010-01-22T09:43:32.0000000,Simple,A2010-1205,336.73,,Tre,False,
5403,33,1008,,,,,Patoskogen 24,9515,ALTA,H0101,,Småhus,2008,D,Red,2010-01-22T09:35:53.0000000,Simple,A2010-1204,194.66,,Tre,False,
5403,33,1008,,,,,Patoskogen 24,9515,ALTA,H0101,,Småhus,2008,D,Red,2010-01-22T09:30:40.0000000,Simple,A2010-1203,194.66,,Tre,False,
3038,180,69,4,,,,Kastebakken 9B,3512,Hønefoss,H0101,,Småhus,2007,C,Orange,2010-01-21T21:57:52.0000000,Simple,A2010-1200,146.75,,Tre,False,
1108,69,2096,,,,,Kari Trestakks vei 11a,4314,Sandnes,H0101,,Småhus,1987,D,Yellow,2010-01-21T18:16:42.0000000,Simple,A2010-1196,189.61,,Tre,False,
1103,27,130,,,,4669770,NEDRE STOKKAVEI 120,4023,STAVANGER,H0101,,Småhus,1985,E,Orange,2010-01-20T22:29:50.0000000,Simple,A2010-1190,269.93,,Tre,False,
4613,54,47,,3,,0,Hovlandsvegen 74,5443,Bømlo,H0101,,Småhus,1964,C,Green,2010-01-20T22:16:46.0000000,Simple,A2010-1189,124.27,,Tre,False,
1103,27,130,,,,4669770,NEDRE STOKKAVEI 120,4023,STAVANGER,H0101,,Småhus,1985,E,Orange,2010-01-20T21:53:15.0000000,Simple,A2010-1188,247.27,,Tre,False,
5000,106,2,,,,H0101,østre Nordeidbrekka 49,5251,Søreidgrend,H0101,,Småhus,1996,C,Yellow,2010-01-20T18:30:48.0000000,Simple,A2010-1183,144.99,,Tre,False,
3038,57,135,,,,,Utstranda 595,3531,Krokkleiva,H0101,,Småhus,1988,C,Yellow,2010-01-20T16:27:05.0000000,Simple,A2010-1182,144.49,,Tre,False,
3420,25,453,,,70,,strandstykket 70,2409,elverum,H0101,,Småhus,1977,F,Orange,2010-01-20T13:36:40.0000000,Simple,A2010-1180,308.82,,Tre,False,
1108,111,558,,,,170111443,NORDRE MARKVEIEN 22,4307,SANDNES,H0101,,Småhus,1936,F,Orange,2010-01-20T11:57:34.0000000,Simple,A2010-1176,396.57,,Tre,False,
3420,25,453,,,70,,strandstykket 70,2409,elverum,H0101,,Småhus,1977,F,Orange,2010-01-20T11:22:27.0000000,Simple,A2010-1174,319.39,,Tre,False,
3804,413,173,,,,,Øvre Fjellvang 32,3159,Melsomvik,H0101,,Småhus,1972,F,Orange,2010-01-20T11:10:43.0000000,Simple,A2010-1173,391.82,,Tre,False,
5031,46,393,,,,21646121,Svehøgda 56,7550,HOMMELVIK,H0101,,Småhus,2002,C,Yellow,2010-01-20T09:13:05.0000000,Simple,A2010-1171,129.37,,Tre,False,
3441,132,156,,,,18067099,TURRSVEVEGEN 12,2656,FOLLEBU,H0101,,Småhus,2007,C,Yellow,2010-01-20T00:21:53.0000000,Simple,A2010-1170,135.14,,Tre,False,
4601,186,1119,,,,139668626,VÅGSLIEN 56,5113,TERTNES,H0101,,Småhus,1982,D,Orange,2010-01-19T23:45:21.0000000,Simple,A2010-1169,220.96,,Tre,False,
1103,4,626,,,,36,Regeberget 36,4076,Vassøy,H0101,,Småhus,2005,C,Yellow,2010-01-19T22:52:13.0000000,Simple,A2010-1168,131.1,,Tre,False,
3443,39,73,,,," 157178075",REINSVOLLVEGEN 91,2830,RAUFOSS,H0101,,Småhus,1950,D,Orange,2010-01-19T20:55:33.0000000,Simple,A2010-1167,187.31,,Tre,False,
3443,39,73,,,," 157178075",REINSVOLLVEGEN 91,2830,RAUFOSS,H0101,,Småhus,1950,D,Orange,2010-01-19T17:23:05.0000000,Simple,A2010-1165,213.23,,Tre,False,
1121,3,570,,,,13144281,SPØDARBAKKEN 4,4340,BRYNE,H0101,,Småhus,1989,D,Yellow,2010-01-19T17:11:04.0000000,Simple,A2010-1164,169.87,,Tre,False,
3443,39,73,,,," 157178075",REINSVOLLVEGEN 91,2830,RAUFOSS,H0101,,Småhus,1950,E,Red,2010-01-19T16:33:51.0000000,Simple,A2010-1163,296.46,,Tre,False,
1130,16,286,,,,23071169,Kvednaneset 7,4120,Tau,H0101,,Småhus,2003,C,Yellow,2010-01-19T14:24:49.0000000,Simple,A2010-1162,142.67,,Tre,False,
1103,24,425,,,,4318838,PLUTOVEIEN 20,4021,STAVANGER,H0101,,Småhus,1976,D,Orange,2010-01-19T14:04:53.0000000,Simple,A2010-1160,209.6,,Tre,False,
1103,24,425,,,,4318838,PLUTOVEIEN 20,4021,STAVANGER,H0101,,Småhus,1976,D,Orange,2010-01-19T13:52:21.0000000,Simple,A2010-1159,209.6,,Tre,False,
1103,24,425,,,,4318838,PLUTOVEIEN 20,4021,STAVANGER,H0101,,Småhus,1976,D,Yellow,2010-01-19T13:12:10.0000000,Simple,A2010-1158,216.71,,Tre,False,
3420,13,270,,22,,,Gaupevegen 16,2406,Elverum,H0101,,Småhus,1966,E,Orange,2010-01-19T11:52:08.0000000,Simple,A2010-1157,256.77,,Tre,False,
4631,9,180,,,,,Mongsedalen 34,5918,Frekhaug,H0101,,Småhus,2003,D,Yellow,2010-01-19T10:51:05.0000000,Simple,A2010-1155,184.85,,Tre,False,
1108,111,558,,,,170111443,NORDRE MARKVEIEN 22,4307,SANDNES,H0101,,Småhus,1936,F,Orange,2010-01-19T10:09:48.0000000,Simple,A2010-1154,457.68,,Tre,False,
5401,115,797,,,,8,Valbeinet 8,9017,Tromsø,H0101,,Småhus,1992,D,Orange,2010-01-19T00:14:11.0000000,Simple,A2010-1152,226,,Tre,False,
1804,43,745,,,,216879,BJØRNEHIET 52,8029,BODØ,H0101,,Småhus,1988,D,Orange,2010-01-18T22:33:32.0000000,Simple,A2010-1148,230.26,,Tre,False,
5001,122,66,,,,,Paul Røstads veg 2,7039,TRONDHEIM,H0101,,Småhus,2007,C,Yellow,2010-01-18T17:16:43.0000000,Simple,A2010-1143,131.77,,Tre,False,
3036,131,91,,,,19212882,FASANFARET 2,2032,MAURA,H0101,,Småhus,2005,C,Orange,2010-01-18T17:02:35.0000000,Simple,A2010-1142,123.6,,Mur/tegl,False,
5001,122,66,,,,,Paul Røstads veg 2,7039,TRONDHEIM,H0101,,Småhus,2007,C,Yellow,2010-01-18T15:11:46.0000000,Simple,A2010-1141,131.77,,Tre,False,
5031,46,393,,,,21646121,Svehøgda 56,7550,HOMMELVIK,H0101,,Småhus,2002,C,Yellow,2010-01-18T15:07:18.0000000,Simple,A2010-1140,127.31,,Tre,False,
1108,69,2906,,,,37C,Gamle Somavei 37C,4313,Sandnes,H0101,,Småhus,2005,D,Orange,2010-01-18T14:42:50.0000000,Simple,A2010-1139,191.15,,Tre,False,
1127,60,476,,,,13348278,Goakvednane 14,4070,RANDABERG,H0101,,Småhus,1979,E,Orange,2010-01-18T14:21:55.0000000,Simple,A2010-1138,267.65,,Tre,False,
3024,6,526,,,,6663397,Gjettumveien 22,1346,GJETTUM,H0101,,Småhus,1986,E,Orange,2010-01-18T13:15:52.0000000,Simple,A2010-1136,246.21,,Tre,False,
5575,79,1029,,,,,Førreneset 14,5563,Førresfjorden,H0202,,Småhus,2009,C,Orange,2010-01-18T01:55:03.0000000,Simple,A2010-1135,130.39,,Tre,False,
1149,64,850,,,,11867065,Brakevegen 33,4250,KOPERVIK,H0101,,Småhus,1977,D,Yellow,2010-01-18T01:29:55.0000000,Simple,A2010-1134,204.34,,Tre,False,
1103,54,1044,,,,,Ramsvigstien 8,4015,Stavanger,H0101,,Småhus,2008,B,Yellow,2010-01-17T22:55:53.0000000,Simple,A2010-1132,116.46,,Tre,False,
0301,229,34,7,,,,Herslebs gate 11,0561,Oslo,H0203,,Boligblokker,1991,F,Red,2010-01-17T21:12:24.0000000,Simple,A2010-1131,305.06,,Betong,False,
5001,66,425,,,4,,Nardoveien 5 A,7032,Trondheim,U0102,954965503,Boligblokker,1968,G,Orange,2010-01-17T17:39:07.0000000,Simple,A2010-1130,383.46,,Betong,False,
1106,4,260,,,,18695561,SVEBAKKTUNET 18,5533,HAUGESUND,H0101,,Småhus,2002,D,Orange,2010-01-17T17:32:18.0000000,Simple,A2010-1129,176.99,,Tre,False,
0301,225,58,,,120,,Oskar Braatensgate 28,0474,OSLO,H0302,,Boligblokker,1939,F,Lightgreen,2010-01-17T16:58:16.0000000,Simple,A2010-1127,325.4,,Mur/tegl,False,
4601,159,881,,,,139229150,GRØNNLIEN 4 B,5055,BERGEN,H0101,,Småhus,1959,D,Orange,2010-01-17T15:50:26.0000000,Simple,A2010-1126,205.42,,Tre,False,
4635,39,26,,,,24274500,Nyborg 7,5960,DALSØYRA,H0101,,Småhus,2006,D,Orange,2010-01-17T13:48:12.0000000,Simple,A2010-1125,222.77,,Tre,False,
5001,9,615,,,,,Schøllers gate 19,7043,Trondheim,H0101,,Småhus,1959,F,Red,2010-01-17T12:33:23.0000000,Simple,A2010-1123,412.29,,Tre,False,
3403,1,2845,,,,,Kronborgvegen 28,2318,Hamar,H0101,,Småhus,1983,D,Yellow,2010-01-17T11:58:03.0000000,Simple,A2010-1122,226.58,,Tre,False,
5001,17,687,,,,,Eventyrvegen 29,7056,Ranheim,H0101,,Småhus,1996,D,Orange,2010-01-17T11:36:27.0000000,Simple,A2010-1121,175.44,,Tre,False,
1771,151,17,,,,,Øbergveien 34,1792,Tistedal,H0101,,Småhus,1924,D,Orange,2010-01-16T21:51:33.0000000,Simple,A2010-1116,226.37,,Tre,False,
5401,72,743,,,,190728935,Nisevegen 65,9100,KVALØYSLETTA,,,Småhus,1982,E,Orange,2010-01-16T19:39:34.0000000,Simple,A2010-1115,302.26,,Tre,False,
4202,14,177,,,,18876809,LANGHAVEHEIA 44,4878,GRIMSTAD,H0101,,Småhus,2001,D,Yellow,2010-01-16T19:35:12.0000000,Simple,A2010-1114,174.87,,Tre,False,
1771,151,17,,,,,Øbergveien 34,1792,Tistedal,H0101,,Småhus,1924,E,Orange,2010-01-16T18:52:47.0000000,Simple,A2010-1112,263.9,,Tre,False,
3025,38,578,,,,,Lilleåsen 10B,1396,Billingstad,H0101,,Småhus,2007,C,Orange,2010-01-16T15:24:12.0000000,Simple,A2010-1110,143.79,,Tre,False,
3019,136,41,,,,,Husjordløkka 104,1555,Son,H0101,,Småhus,2008,C,Orange,2010-01-16T12:10:01.0000000,Simple,A2010-1107,126.41,,Tre,False,
1901,51,379,1,,,,Einhågen 18b,9411,Harstad,H0101,,Småhus,2009,D,Red,2010-01-15T21:59:26.0000000,Simple,A2010-1104,163.38,,Tre,False,
3019,8,93,,,,,Høgdaveien 11,1540,Vestby,H0101,,Småhus,1967,D,Yellow,2010-01-15T20:10:27.0000000,Simple,A2010-1102,227.81,,Tre,False,
4631,108,282,,,,,Bleikvollen 7,5955,Lindås,H0101,,Småhus,1906,D,Yellow,2010-01-15T16:30:39.0000000,Simple,A2010-1101,170.95,,Tre,False,
0301,241,491,3,,,,Trosterudveien 28,0778,Oslo,H0201,,Småhus,1957,D,Red,2010-01-15T15:36:15.0000000,Simple,A2010-1100,188.17,,Mur/tegl,False,
5401,119,3320,5,,,11445438,Mellomvegen 83 E,9007,TROMSØ,H0101,,Småhus,1989,E,Orange,2010-01-15T13:56:49.0000000,Simple,A2010-1099,277.37,,Tre,False,
1103,53,822,4,,,4879996,SIRISKJERET 4,4014,STAVANGER,,,Boligblokker,2008,F,Lightgreen,2010-01-15T13:45:18.0000000,Simple,A2010-1098,290.18,,Betong,False,
1101,9,25,,,,9086293,Løyningsveien 78,4374,EGERSUND,H0101,,Småhus,1984,E,Yellow,2010-01-15T00:51:49.0000000,Simple,A2010-1096,243.8,,Tre,False,
3025,56,114,,,,16236543,KONGLUNGVEIEN 26 A,1392,VETTRE,H0101,,Småhus,1996,D,Red,2010-01-14T23:47:06.0000000,Simple,A2010-1095,222.97,,Tre,False,
4204,62,95,,,,34,Bamåsen 34,4635,Kristiansand,H0101,,Småhus,1999,C,Yellow,2010-01-14T21:13:04.0000000,Simple,A2010-1092,133.56,,Tre,False,
3030,125,116,,,,12509812,HØGLISVINGEN 9,1920,SØRUMSAND,H0101,,Småhus,1994,E,Orange,2010-01-14T21:00:24.0000000,Simple,A2010-1091,243.09,,Tre,False,
3022,59,713,,,,149293051,Linjeveien 2,1455,NORDRE FROGN,,,Småhus,1962,G,Orange,2010-01-14T18:48:17.0000000,Simple,A2010-1090,464.39,,Tre,False,
3411,378,153,,,,152277962,Idrettsvegen 9 b,2390,Moelv,H0101,,Småhus,1972,E,Red,2010-01-14T18:22:49.0000000,Simple,A2010-1088,256.9,,Tre,False,
5001,21,134,,,,,Finnmyrvegen 14,7540,Klæbu,H0101,,Småhus,1975,F,Orange,2010-01-14T17:54:53.0000000,Simple,A2010-1087,355.37,,Tre,False,
4601,28,344,,,,,Kinnvegen 15,6900,Florø,H0101,,Småhus,1985,D,Yellow,2010-01-14T17:47:25.0000000,Simple,A2010-1086,190.02,,Tre,False,
1101,13,2194,1,,,16790591,RUNDEVOLLSVEIEN 42,4370,EGERSUND,H0101,,Småhus,1998,D,Orange,2010-01-14T17:24:31.0000000,Simple,A2010-1084,228.97,,Tre,False,
1103,21,692,,,,,Åsveien 17,4016,Stavanger,H0101,,Småhus,2010,B,Orange,2010-01-14T17:02:43.0000000,Simple,A2010-1083,105.65,,Mur/tegl,False,
3033,81,134,,,,,Sandmovegen 5,2052,Jessheim,H0101,,Småhus,1970,D,Orange,2010-01-14T16:58:51.0000000,Simple,A2010-1082,224.16,,Tre,False,
4204,9,146,,,,,Andøytoppen 48,4623,Kristiansand,H0101,,Småhus,1990,D,Orange,2010-01-14T16:45:20.0000000,Simple,A2010-1081,229.68,,Tre,False,
3033,81,134,,,,,Sandmovegen 5,2052,Jessheim,H0101,,Småhus,1970,E,Yellow,2010-01-14T16:32:18.0000000,Simple,A2010-1080,236.06,,Tre,False,
1149,58,256,,,,11844278,Skudesnesvegen 12,4250,Kopervik,H0101,,Småhus,1965,D,Yellow,2010-01-14T13:43:31.0000000,Simple,A2010-1078,224.85,,Tre,False,
3002,88,203,,,,22929038,SMEDHUSÅSEN 92,1570,DILLING,H0101,,Småhus,2006,C,Yellow,2010-01-14T12:58:29.0000000,Simple,A2010-1077,126.47,,Tre,False,
4631,123,137,,,,,Storhaugen 50,5955,Lindås,H0101,,Småhus,1989,D,Orange,2010-01-14T12:56:31.0000000,Simple,A2010-1076,168.39,,Tre,False,
1860,40,236,,,,,Markedsveien 6,8370,Leknes,H0101,,Småhus,1984,E,Orange,2010-01-14T11:05:25.0000000,Simple,A2010-1072,250.18,,Tre,False,
0301,180,26,,,,,Stenbråtveien 112D,1283,Oslo,H0101,,Småhus,1996,E,Orange,2010-01-14T09:10:20.0000000,Simple,A2010-1068,236.16,,Tre,False,
4624,27,72,,,,,Eidsvegen 70,5200,Os,H0101,,Småhus,2009,C,Orange,2010-01-13T23:22:51.0000000,Simple,A2010-1065,134.38,,Tre,False,
4627,17,547,,,,23005077,KOLLEVÅGTJØRNA 2,5310,HAUGLANDSHELLA,H0101,,Småhus,2007,D,Orange,2010-01-13T23:10:08.0000000,Simple,A2010-1063,176.38,,Tre,False,
5001,95,204,,,,10566126,L. Hofstads veg 5,7021,TRONDHEIM,,,Småhus,1998,C,Yellow,2010-01-13T23:05:47.0000000,Simple,A2010-1062,128.93,,Tre,False,
0301,198,89,,,,80653182,SINGASTEINVEIEN 1 B,0198,OSLO,H0101,,Småhus,1969,D,Orange,2010-01-13T22:39:03.0000000,Simple,A2010-1061,199.09,,Tre,False,
1108,62,1948,,,,,Helmikhagen 25,4318,Sandnes,H0101,,Småhus,1997,E,Orange,2010-01-13T22:17:58.0000000,Simple,A2010-1059,248.14,,Tre,False,
3005,45,1525,,,,,Bergås Terrasse 49,3057,Solbergelva,H0101,,Småhus,2009,C,Yellow,2010-01-13T21:27:42.0000000,Simple,A2010-1056,123.85,,Tre,False,
1901,60,324,,,,12474997,JØRNS GATE 20A,9405,HARSTAD,H0101,,Småhus,1930,E,Red,2010-01-13T21:27:27.0000000,Simple,A2010-1055,294.86,,Tre,False,
4204,96,510,,,,21335355,Odderheitoppen 8,4639,KRISTIANSAND S,H0101,,Småhus,2003,C,Yellow,2010-01-13T19:59:22.0000000,Simple,A2010-1052,142.82,,Tre,False,
3049,70,44,16,,,21944335,Sønderhellene 2,3400,Lier,H0501,,Boligblokker,2006,E,Orange,2010-01-13T19:45:54.0000000,Simple,A2010-1051,194.48,,Betong,False,
4631,49,120,,,,21165719,IEVEGEN 149,5917,ROSSLAND,H0101,,Småhus,2002,C,Yellow,2010-01-13T19:44:09.0000000,Simple,A2010-1050,128.47,,Mur/tegl,False,
4601,138,58,,,,,Kipleveien 19 f,5179,Godvik,H0101,,Småhus,1968,F,Orange,2010-01-13T19:10:00.0000000,Simple,A2010-1048,308.58,,Tre,False,
4601,166,1036,,,,139302257,OLE IRGENS' VEI 19,5019,BERGEN,H0101,,Småhus,1934,D,Yellow,2010-01-13T19:07:02.0000000,Simple,A2010-1047,216.45,,Tre,False,
5001,9,817,,,,,Henrik Angells gate 16a,7045,Trondheim,H0101,,Småhus,2006,C,Orange,2010-01-13T18:52:40.0000000,Simple,A2010-1044,153,,Tre,False,
0301,190,469,,,,80818475,NEDRE PRINSDALS VEI 121 B,1263,OSLO,H0101,,Småhus,1980,D,Orange,2010-01-13T17:34:57.0000000,Simple,A2010-1042,168.92,,Tre,False,
4624,5,22,,,,25377788,GÅSSANDVEGEN 286,5212,SØFTELAND,H0101,,Småhus,2009,C,Orange,2010-01-13T17:11:43.0000000,Simple,A2010-1041,145.8,,Tre,False,
1837,54,141,,,,44,Storhaugveien 44,8150,Ørnes,H0101,,Småhus,2005,C,Yellow,2010-01-13T17:06:25.0000000,Simple,A2010-1040,136.32,,Tre,False,
3805,1028,42,,,,,Villstråveien 4,3261,Larvik,H0101,,Småhus,1983,D,Yellow,2010-01-13T17:00:58.0000000,Simple,A2010-1039,223.42,,Tre,False,
3447,68,39,,,,,Engelundsvegen 14,2864,Fall,H0101,,Småhus,1979,E,Yellow,2010-01-13T16:02:44.0000000,Simple,A2010-1038,257.89,,Tre,False,
4204,98,201,,,,168326211,BÅSEFJELLVEIEN 10,4656,HAMRESANDEN,H0101,,Småhus,1970,F,Red,2010-01-13T15:05:29.0000000,Simple,A2010-1037,369.46,,Tre,False,
5401,17,1632,2,,,,Åsvegen 13B,9020,Tromsdalen,H0101,,Småhus,2000,D,Orange,2010-01-13T13:40:11.0000000,Simple,A2010-1036,193.79,,Tre,False,
3025,37,893,2,,,18403889,EIKELEINA 93,3472,BØDALEN,H0101,,Småhus,1997,D,Yellow,2010-01-13T12:54:56.0000000,Simple,A2010-1035,177.35,,Tre,False,
4626,9,118,,,,24657426,Åsnipa 6,5357,FJELL,,,Småhus,2007,C,Yellow,2010-01-13T12:07:32.0000000,Simple,A2010-1034,129.19,,Tre,False,
5001,17,14,,,,182153451,Nedre Grilstadkleiva 30 D,7053,RANHEIM,H0101,,Småhus,1902,E,Orange,2010-01-13T11:59:41.0000000,Simple,A2010-1033,244.91,,Tre,False,
4622,42,199,,,,16710970,VAVOLLEN 116,5610,ØYSTESE,H0101,,Småhus,2005,D,Orange,2010-01-12T23:49:29.0000000,Simple,A2010-1032,203.2,,Tre,False,
5031,4,67,,,,,Heggvegen 1,7560,Vikhammer,H0101,,Småhus,1957,D,Orange,2010-01-12T23:32:01.0000000,Simple,A2010-1031,215.23,,Tre,False,
4622,42,199,,,,16710970,VAVOLLEN 116,5610,ØYSTESE,H0101,,Småhus,2005,D,Orange,2010-01-12T23:22:08.0000000,Simple,A2010-1030,209.24,,Tre,False,
4216,92,98,,,,117797287,GÅSEHAGEN 3,4766,HEREFOSS,H0101,,Småhus,1982,E,Orange,2010-01-12T22:33:45.0000000,Simple,A2010-1029,292.08,,Tre,False,
5001,313,457,,,,,Sandmoveien 43,7072,Heimdal,H0101,,Småhus,1992,D,Yellow,2010-01-12T21:36:33.0000000,Simple,A2010-1027,183.73,,Tre,False,
0301,35,1207,,,,,Huldreveien 24,0781,Oslo,H0101,,Småhus,1973,E,Red,2010-01-12T21:28:03.0000000,Simple,A2010-1026,253.78,,Tre,False,
4601,47,60,,,,89,Osveien 89,5227,Nesttun,H0101,,Småhus,1960,F,Orange,2010-01-12T19:37:49.0000000,Simple,A2010-1023,335.83,,Tre,False,
1563,50,21,,,,181507993,PARKVEGEN 11 B,6600,SUNNDALSØRA,H0101,,Småhus,1963,D,Orange,2010-01-12T18:16:39.0000000,Simple,A2010-1020,231.33,,Tre,False,
7401,0014,0104,,,,1,Guldholm veien 1,7800,Namsos,H0101,,Småhus,1986,E,Green,2010-01-12T16:06:07.0000000,Simple,A2010-1017,251.85,,Tre,False,
1103,52,552,22,,,,Støperigata 25,4014,Stavanger,H0311,,Boligblokker,2007,D,Red,2010-01-12T15:45:07.0000000,Simple,A2010-1016,171.34,,Betong,False,
3024,38,65,1,,,,Løvenskioldsvei 15 a,1358,JAR,H0101,,Småhus,2008,C,Yellow,2010-01-12T15:05:14.0000000,Simple,A2010-1015,131.65,,Betong,False,
4628,22,216,,,,,lia 11,5722,dalekvam,H0101,,Småhus,1951,E,Orange,2010-01-12T13:27:52.0000000,Simple,A2010-1012,305.09,,Tre,False,
4630,118,113,,,,,Hjellvikåsen 59,5281,valestrandsfossen,H0101,,Småhus,2009,B,Yellow,2010-01-12T12:49:46.0000000,Simple,A2010-1010,118.15,,Tre,False,
4204,152,1108,,,,,Odinsgt. 4,4631,Kristiansand,H0101,,Småhus,1937,G,Red,2010-01-12T12:30:50.0000000,Simple,A2010-1009,470.71,,Tre,False,
4622,42,199,,,,16710970,VAVOLLEN 116,5610,ØYSTESE,H0101,,Småhus,2006,D,Orange,2010-01-12T12:12:54.0000000,Simple,A2010-1008,209.24,,Tre,False,
3004,302,74,,,,,Voldportgaten 69,1632,Gamle Fredrikstad,H0101,,Småhus,1830,G,Orange,2010-01-12T12:12:41.0000000,Simple,A2010-1007,540.78,,Tre,False,
5403,27,1307,,,,,Fjellvåkveien 36,9512,Alta,H0101,,Småhus,1999,D,Orange,2010-01-12T10:48:10.0000000,Simple,A2010-1006,163.6,,Tre,False,
3025,40,340,,,,,Odalsveien 35D,3470,Slemmestad,H0101,,Småhus,1998,C,Yellow,2010-01-12T10:44:20.0000000,Simple,A2010-1005,141.54,,Tre,False,
5421,46,175,,,,,Sandvikveien 159,9300,Finnsnes,H0101,,Småhus,1974,D,Yellow,2010-01-12T09:45:37.0000000,Simple,A2010-1004,207.98,,Tre,False,
5405,8,1332,,,,19017478,GYDA DAHLS VEI 12,9800,VADSØ,H0101,,Småhus,2004,D,Orange,2010-01-12T09:28:38.0000000,Simple,A2010-1003,190.77,,Tre,False,
4614,26,623,,,,13372489,STORHAUGVEGEN 101,5416,STORD,H0101,,Småhus,1990,E,Orange,2010-01-12T08:51:07.0000000,Simple,A2010-1002,253.43,,Tre,False,
4202,40,98,,,,,Bringsværmoen 42,4885,Grimstad,H0101,,Småhus,1997,D,Orange,2010-01-12T08:43:56.0000000,Simple,A2010-1001,205.12,,Tre,False,
0301,228,216,,,32,,Stolmakergata 9 d,0551,Oslo,H0201,,Boligblokker,1984,F,Red,2010-01-12T08:23:44.0000000,Simple,A2010-1000,292.92,,Betong,False,
1824,117,769,,,,23030365,Rynesåsen 86,8665,Mosjøen,H0101,,Småhus,2009,C,Yellow,2010-01-11T12:32:52.0000000,Simple,A2010-998,121.4,,Tre,False,
1507,140,79,,,,,samundplassen 8c,6009,Ålesund,H0101,,Småhus,1987,D,Orange,2010-01-11T12:17:00.0000000,Simple,A2010-997,227.84,,Tre,False,
1507,140,79,,,,,samundplassen 8c,6009,Ålesund,H0101,,Småhus,1987,E,Orange,2010-01-11T11:57:56.0000000,Simple,A2010-996,251.43,,Tre,False,
1108,39,1230,,,,,Prestegårdsveien 28,4325,Sandnes,H0101,,Småhus,1983,E,Orange,2010-01-11T11:26:09.0000000,Simple,A2010-994,271.28,,Tre,False,
3030,83,223,,,,,Fjellboveien 70,2016,Frogner,H0101,,Småhus,2008,C,Yellow,2010-01-11T08:55:00.0000000,Simple,A2010-986,134.77,,Tre,False,
4624,34,474,,,,99,Skeisstøa 99,5217,Hagavik,H0101,,Småhus,2004,C,Orange,2010-01-11T08:01:16.0000000,Simple,A2010-983,135,,Tre,False,
3004,53,284,,,,,Anisveien 15,1621,Gressvik,H0101,,Småhus,2009,C,Orange,2010-01-11T00:05:37.0000000,Simple,A2010-981,129.45,,Tre,False,
5401,200,2450,,,,190626814,ALFRED ERIKSENS VEG 4,9007,TROMSØ,H0101,,Småhus,1939,F,Orange,2010-01-10T23:43:15.0000000,Simple,A2010-979,355.85,,Tre,False,
4622,42,199,,,,16710970,VAVOLLEN 116,5610,ØYSTESE,H0101,,Småhus,2006,D,Orange,2010-01-10T23:36:37.0000000,Simple,A2010-978,202.46,,Tre,False,
4622,32,405,,,,,Tolohagen 11,5600,Norheimsund,H0101,,Småhus,2001,C,Orange,2010-01-10T22:30:50.0000000,Simple,A2010-976,157.64,,Tre,False,
1506,17,128,,,,21769126,DRAGARØRA 25,6457,BOLSØYA,H0101,,Småhus,2003,C,Orange,2010-01-10T22:14:21.0000000,Simple,A2010-975,121.7,,Tre,False,
5417,20,46,,,,53,Kongsveien 53,9350,Sjøvegan,H0101,,Småhus,1923,E,Orange,2010-01-10T22:07:35.0000000,Simple,A2010-974,259.66,,Tre,False,
1901,58,623,,,,,Hellebakken 2,9407,Harstad,H0101,,Småhus,2001,D,Orange,2010-01-10T20:45:06.0000000,Simple,A2010-971,211.86,,Tre,False,
4617,153,321,,,,3,fenafjellsvegen 3,5450,sunde,H0101,,Småhus,1997,C,Yellow,2010-01-10T20:41:21.0000000,Simple,A2010-970,154.82,,Tre,False,
1700,1,124,,,,,bakkegata 9,1724,sarpsborg,H0101,,Småhus,1913,F,Yellow,2010-01-10T20:17:25.0000000,Simple,A2010-966,420.92,,Tre,False,
3808,240,517,,,,,Henrik Wergelands gt 46,3675,Notodden,H0101,,Småhus,1980,E,Yellow,2010-01-10T19:58:51.0000000,Simple,A2010-965,248.97,,Tre,False,
1106,40,1237,,,,,"Øvregata 230 C ",5525,Haugesund,H0101,,Småhus,2008,C,Yellow,2010-01-10T19:46:59.0000000,Simple,A2010-964,127.52,,Tre,False,
3437,217,171,,,,,Koldalen 11,2670,Otta,H0101,,Småhus,1975,D,Orange,2010-01-10T19:45:33.0000000,Simple,A2010-963,220.39,,Tre,False,
4056,8,91,,,,15b,ura 15b,4056,tananger,H0101,,Småhus,1986,E,Orange,2010-01-10T19:41:38.0000000,Simple,A2010-962,236.8,,Tre,False,
3437,217,171,,,,,Koldalen 11,2670,Otta,H0101,,Småhus,1975,E,Orange,2010-01-10T18:43:01.0000000,Simple,A2010-960,252.6,,Tre,False,
5401,115,842,,,,,Jarsteinen 20 B,9017,Tromsø,H0101,,Småhus,1993,D,Yellow,2010-01-10T18:38:28.0000000,Simple,A2010-959,198.55,,Tre,False,
5401,115,332,,,,190662624,BEVERVEGEN 39,9017,TROMSØ,H0101,,Småhus,1982,D,Yellow,2010-01-10T18:33:51.0000000,Simple,A2010-958,203.67,,Tre,False,
1120,8,249,,,,37,Engelsvåg 37,4353,Klepp stasjon,H0101,,Småhus,1996,D,Orange,2010-01-10T18:26:21.0000000,Simple,A2010-957,190.94,,Tre,False,
5001,426,106,,,,,Trollahaugen 12,7018,Trondheim,H0101,,Småhus,1969,E,Orange,2010-01-10T18:15:15.0000000,Simple,A2010-956,277.82,,Tre,False,
1149,43,454,,,,,Stubbevegen 13,4280,Skudeneshavn,H0101,,Småhus,1997,D,Orange,2010-01-10T18:09:13.0000000,Simple,A2010-953,158.56,,Tre,False,
0301,100,39,,,99,,Tante Ulrikkes vei 5,0984,Oslo,H0602,,Boligblokker,1970,G,Lightgreen,2010-01-10T17:36:09.0000000,Simple,A2010-951,478.5,,Betong,False,
3805,2008,331,,,,8382972,NORDLIVEIEN 51,3271,LARVIK,H0101,,Småhus,1984,D,Red,2010-01-10T17:25:52.0000000,Simple,A2010-949,207.43,,Tre,False,
5401,72,654,,,,190729958,SKJELLVEGEN 2,9100,KVALØYSLETTA,H0101,,Småhus,1982,E,Orange,2010-01-10T17:02:47.0000000,Simple,A2010-948,255.42,,Tre,False,
5028,36,159,,,,184585766,BREKKTRØA 29,7227,GIMSE,H0101,,Småhus,1974,D,Yellow,2010-01-10T16:35:59.0000000,Simple,A2010-946,230.75,,Tre,False,
5401,88,622,,,,1,Eidkjosvegen 43,9105,Kvaløya,H0101,,Småhus,2003,C,Yellow,2010-01-10T16:15:01.0000000,Simple,A2010-944,135.75,,Tre,False,
4213,75,272,,,,,Kristine Berntsens vei 9,4916,Borøy,H0101,,Småhus,1985,D,Yellow,2010-01-10T15:57:09.0000000,Simple,A2010-943,230.45,,Tre,False,
1149,147,549,,,,,Moksheimåsen 162 C,5545,Vormedal,H0101,,Småhus,1998,C,Yellow,2010-01-10T15:11:17.0000000,Simple,A2010-942,150.13,,Tre,False,
1101,13,2463,,,,,Sagaveien 5,4371,EGERSUND,H0101,,Småhus,2002,C,Yellow,2010-01-10T15:09:34.0000000,Simple,A2010-941,126.16,,Tre,False,
5401,15,1281,,,,11456898,OPALVEGEN 15,9022,KROKELVDALEN,H0101,,Småhus,1990,E,Orange,2010-01-10T14:38:21.0000000,Simple,A2010-938,275.92,,Tre,False,
3054,173,563,,,,,Blåbæråsen 5,2743,Harestua,H0101,,Småhus,2006,D,Orange,2010-01-10T14:17:56.0000000,Simple,A2010-936,165.54,,Tre,False,
1106,26,988,,,,47,Stemhaugmarka 47,5518,Haugesund,H0101,,Småhus,1986,E,Orange,2010-01-10T14:07:33.0000000,Simple,A2010-934,268.93,,Tre,False,
4601,158,652,,,,139218345,Nordre Skogveien 12 B,5057,BERGEN,H0101,,Småhus,1932,G,Red,2010-01-10T14:07:06.0000000,Simple,A2010-933,513.24,,Tre,False,
3802,80,140,,,,,Solbergveien 1,3080,Holmestrand,H0101,,Småhus,1970,D,Orange,2010-01-10T13:59:35.0000000,Simple,A2010-932,192.4,,Tre,False,
1103,40,787,,,,4625250,HOTTAVIKSTRAEN 37,4048,HAFRSFJORD,H0101,,Småhus,1982,D,Yellow,2010-01-10T13:50:24.0000000,Simple,A2010-930,205.96,,Tre,False,
3805,1093,136,,,,,Grevefaret.29,3280,Tjodalyng,H0101,,Småhus,1986,D,Orange,2010-01-10T13:42:08.0000000,Simple,A2010-929,197.6,,Tre,False,
5055,61,102,,,,1,Kongleveien 1,7200,Kyrksæterøra,H0101,,Småhus,1975,E,Orange,2010-01-10T13:32:01.0000000,Simple,A2010-928,270.44,,Tre,False,
1806,40,62,,,,,Sildvikgata 6,8514,Narvik,H0102,988 938 696,Boligblokker,1930,G,Yellow,2010-01-10T13:07:46.0000000,Simple,A2010-927,364.39,,Tre,False,
3004,52,19,,,,,Rødslia 11,1621,Gressvik,H0101,,Småhus,2010,B,Yellow,2010-01-10T12:49:45.0000000,Simple,A2010-926,101.98,,Tre,False,
4205,51,273,,,,192201,HUSVOLLEN 18,4517,MANDAL,H0101,,Småhus,1984,E,Orange,2010-01-10T12:30:42.0000000,Simple,A2010-923,256.3,,Tre,False,
3802,52,146,,,,193702562,NEDRE LIAVEI 53,3080,HOLMESTRAND,H0101,,Småhus,1983,E,Orange,2010-01-10T11:52:05.0000000,Simple,A2010-921,291.99,,Tre,False,
1507,28,609,,,,,Fjellbu 22,6270,Brattvåg,H0101,,Småhus,1984,D,Yellow,2010-01-10T11:32:31.0000000,Simple,A2010-917,197.49,,Tre,False,
1901,51,230,,,,,Hekkveien 9,9411,Harstad,H0101,,Småhus,1995,D,Orange,2010-01-10T11:26:02.0000000,Simple,A2010-915,205.61,,Tre,False,
3453,44,106,,,,,Sperrevegen 8,2943,Rogne,H0101,,Småhus,1957,D,Yellow,2010-01-10T11:20:18.0000000,Simple,A2010-912,218.36,,Tre,False,
1122,6,884,,,,,Ånundskaret 107,4330,Ålgård,H0101,,Småhus,1996,D,Orange,2010-01-10T11:19:11.0000000,Simple,A2010-911,213.42,,Tre,False,
5001,65,29,,,,,Kringsjåvegen 47,7032,Trondheim,H0101,,Småhus,2009,B,Orange,2010-01-10T11:12:23.0000000,Simple,A2010-910,116.72,,Tre,False,
4204,151,2242,,,,,Bellevue 9A,4616,Kristiansand,H0101,,Småhus,1983,D,Yellow,2010-01-10T11:02:07.0000000,Simple,A2010-908,220.07,,Tre,False,
4601,206,50,,,,139681428,FLAKTVEITRINDEN 77,5135,FLAKTVEIT,H0101,,Småhus,1962,F,Orange,2010-01-10T10:54:28.0000000,Simple,A2010-907,322.08,,Tre,False,
4204,71,454,,,,,Skytterveien 8,4640,Søgne,H0101,,Småhus,2002,D,Orange,2010-01-10T10:47:55.0000000,Simple,A2010-906,191.31,,Tre,False,
1532,7,169,,,,18095440,Gjøsundremane 44,6040,VIGRA,H0101,,Småhus,1971,F,Red,2010-01-10T10:44:49.0000000,Simple,A2010-905,378.93,,Tre,False,
4601,206,50,,,,139681428,FLAKTVEITRINDEN 77,5135,FLAKTVEIT,H0101,,Småhus,1962,F,Orange,2010-01-10T10:26:56.0000000,Simple,A2010-903,322.08,,Tre,False,
3005,21,184,,,,,Furusvingen 28,3060,Svelvik,H0101,,Småhus,1977,D,Yellow,2010-01-10T09:50:27.0000000,Simple,A2010-901,195.48,,Tre,False,
3011,53,242,,,,,Stenkjørerbakken 17,1684,Vesterøy,H0101,,Småhus,2008,E,Red,2010-01-10T08:51:54.0000000,Simple,A2010-898,235.56,,Tre,False,
3011,53,242,,,,,Stenkjørerbakken 17,1684,Vesterøy,H0101,,Småhus,2008,D,Red,2010-01-10T08:35:44.0000000,Simple,A2010-897,161.45,,Tre,False,
5037,16,117,,,,,Vårtunveien 17,7600,LEVANGER,H0101,,Småhus,2008,C,Orange,2010-01-10T08:24:51.0000000,Simple,A2010-896,126.84,,Tre,False,
3407,246,17,,,,,Ambjørvegen 91,2838,Snertingdal,H0101,,Småhus,1947,F,Orange,2010-01-10T06:13:46.0000000,Simple,A2010-895,315.04,,Tre,False,
5401,18,501,,,,,kaldslettveien 4,9020,tromsdalen,H0101,,Småhus,2001,D,Orange,2010-01-10T02:26:21.0000000,Simple,A2010-894,174.44,,Tre,False,
1106,28,639,,,,171174260,HAUGEVEGEN 52,5523,HAUGESUND,H0101,,Småhus,1917,E,Red,2010-01-10T02:16:58.0000000,Simple,A2010-893,284.75,,Tre,False,
3030,94,90,,,,,Elgtråkket 101,2016,Frogner,H0101,,Småhus,2007,C,Orange,2010-01-10T01:55:16.0000000,Simple,A2010-892,155.27,,Tre,False,
1806,37,59,,,,,fagerjordveien 157,8517,narvik,H0101,,Småhus,1982,E,Orange,2010-01-10T00:52:38.0000000,Simple,A2010-889,250.9,,Tre,False,
3801,126,279,A,,,,Fjordveien 6A,3187,Horten,H0101,,Småhus,1954,D,Orange,2010-01-10T00:52:02.0000000,Simple,A2010-888,185.33,,Tre,False,
3805,2008,331,,,,8382972,NORDLIVEIEN 51,3271,LARVIK,H0101,,Småhus,1984,E,Red,2010-01-10T00:48:42.0000000,Simple,A2010-887,248.93,,Tre,False,
3405,7,80,,,,14622047,JAKOBAVEGEN 2,2607,VINGROM,H0101,,Småhus,2000,D,Yellow,2010-01-10T00:32:30.0000000,Simple,A2010-886,169.91,,Tre,False,
3005,34,108,,,,,einar haflansv 53,3036,drammen,H0101,,Småhus,2007,D,Lightgreen,2010-01-10T00:18:59.0000000,Simple,A2010-882,170.07,,Tre,False,
4601,207,228,,,,,Liastølen 8,5132,Nyborg,H0101,,Småhus,2004,C,Yellow,2010-01-10T00:17:35.0000000,Simple,A2010-881,126.53,,Tre,False,
5025,80,125,,,,,Ola Olsavei 18,7140,Opphaug,H0101,,Småhus,1970,F,Orange,2010-01-10T00:11:52.0000000,Simple,A2010-880,310.15,,Tre,False,
1516,92,42,,,,,Torkelvegen 65,6060,Hareid,H0101,,Småhus,1984,D,Yellow,2010-01-10T00:06:12.0000000,Simple,A2010-879,203.97,,Tre,False,
3018,25,133,,,,,Tunveien 4,1591,Sperrebotn,H0101,,Småhus,1956,D,Orange,2010-01-10T00:00:37.0000000,Simple,A2010-878,196.47,,Mur/tegl,False,
1539,43,485,,,,180798749,Råket 1,6320,ISFJORDEN,H0101,,Småhus,1978,D,Yellow,2010-01-09T23:54:05.0000000,Simple,A2010-877,191.15,,Tre,False,
1515,37,425,,,,21480991,GAMLE MYKLEBUSTVEG 1,6092,FOSNAVÅG,H0101,,Småhus,2001,C,Yellow,2010-01-09T23:51:05.0000000,Simple,A2010-876,147.09,,Tre,False,
3024,89,100,6,,,,Høgåsveien 2 F,1352,Kolsås,H0101,,Småhus,1958,F,Orange,2010-01-09T23:50:12.0000000,Simple,A2010-875,332.57,,Tre,False,
1130,44,648,,,,300006550,ELGSTIEN 51,4100,JØRPELAND,H0101,,Småhus,2008,C,Orange,2010-01-09T23:43:41.0000000,Simple,A2010-874,149.25,,Tre,False,
1507,50,910,,,,,Breviklia 18,6018,Ålesund,H0101,,Småhus,2007,C,Yellow,2010-01-09T23:37:31.0000000,Simple,A2010-873,131.42,,Tre,False,
1506,66,107,,1234,,,Nesbakken 4,6453,Kleive,H0101,,Småhus,2006,C,Yellow,2010-01-09T23:35:39.0000000,Simple,A2010-872,145.71,,Tre,False,
0303,140,36,,,613,1,Nåkkves vei 1,0670,Oslo,H1007,,Boligblokker,1967,G,Lightgreen,2010-01-09T23:35:02.0000000,Simple,A2010-871,487.27,,Betong,False,
4601,53,54,,,,,Dyngelandsveien 99F,5226,Nesttun,H0101,,Småhus,2005,C,Yellow,2010-01-09T23:32:43.0000000,Simple,A2010-870,133.48,,Tre,False,
3813,27,409,,,,,Grethesvei 17,3960,Stathelle,H0101,,Småhus,1989,D,Orange,2010-01-09T23:31:37.0000000,Simple,A2010-869,207.29,,Tre,False,
3033,47,168,,,,,Fredrik Borgens veg 12,2040,Kløfta,H0101,,Småhus,2007,C,Orange,2010-01-09T23:22:53.0000000,Simple,A2010-867,153.66,,Tre,False,
3804,121,148,,,,19771121,APOLLOVEIEN 15 B,3213,SANDEFJORD,H0101,,Småhus,2002,C,Orange,2010-01-09T23:22:26.0000000,Simple,A2010-866,122.99,,Tre,False,
4601,162,507,1,,,,Hulda Garborgsgt. 6,5052,Bergen,U0101,,Småhus,1929,F,Yellow,2010-01-09T23:13:46.0000000,Simple,A2010-864,351.35,,Betong,False,
3035,209,155,,,,151698107,TULIPANVEGEN 9,2092,MINNESUND,H0101,,Småhus,1967,E,Orange,2010-01-09T23:09:32.0000000,Simple,A2010-862,286.43,,Tre,False,
3900,121,324,,,,,Vestheimvn 91,3919,Porsgrunn,H0101,,Småhus,1926,D,Orange,2010-01-09T23:07:56.0000000,Simple,A2010-861,199,,Tre,False,
3024,11,1577,,,,17281151,HELMERVEIEN 34 B,1363,HØVIK,H0101,,Småhus,1975,E,Orange,2010-01-09T23:06:23.0000000,Simple,A2010-860,247.46,,Tre,False,
3021,25,3,,,,,Kvestadveien 44,1430,Ås,H0101,,Småhus,1945,D,Orange,2010-01-09T23:00:07.0000000,Simple,A2010-858,179.54,,Tre,False,
3035,209,155,,,,151698107,TULIPANVEGEN 9,2092,MINNESUND,H0101,,Småhus,1967,E,Orange,2010-01-09T22:57:26.0000000,Simple,A2010-857,263.86,,Tre,False,
3022,86,559,,,,,Furuveien 3,1440,Drøbak,H0101,,Småhus,1958,D,Orange,2010-01-09T22:55:47.0000000,Simple,A2010-856,228.36,,Tre,False,
3002,1,1038,,,,,Folkebernadottesgt. 17,1511,Moss,H0101,,Småhus,1987,E,Orange,2010-01-09T22:52:32.0000000,Simple,A2010-855,271.5,,Tre,False,
,39,93,,,,1,Vevargaten 1,4306,Sandnes,H0101,,Småhus,1960,E,Orange,2010-01-09T22:51:18.0000000,Simple,A2010-854,272.23,,Tre,False,
3005,15,205,,,,20186682,TÅRNVEIEN 38,3047,DRAMMEN,H0101,,Småhus,2001,C,Orange,2010-01-09T22:50:58.0000000,Simple,A2010-851,119.37,,Tre,False,
1516,9,305,,,,18666065,VARLEITERÅSA 9,6065,ULSTEINVIK,H0101,,Småhus,1996,D,Yellow,2010-01-09T22:44:19.0000000,Simple,A2010-847,172.89,,Tre,False,
1539,27,202,,,4,,Lilleteigen 2,6300,Åndalsnes,H0202,,Boligblokker,1946,E,Yellow,2010-01-09T22:43:07.0000000,Simple,A2010-846,221.79,,Betong,False,
4601,161,672,,,,,Øvre Sollien 95,5096,Bergen,H0101,,Småhus,2001,C,Orange,2010-01-09T22:41:24.0000000,Simple,A2010-845,157.9,,Tre,False,
3802,52,146,,,,193702562,NEDRE LIAVEI 53,3080,HOLMESTRAND,H0101,,Småhus,1983,E,Orange,2010-01-09T22:40:00.0000000,Simple,A2010-843,291.99,,Tre,False,
3403,67,106,,,,,Grubholveien 16,2324,Vang H,H0101,,Småhus,2002,C,Yellow,2010-01-09T22:39:49.0000000,Simple,A2010-842,130.14,,Tre,False,
2201,30,814,,,,,Suldalgata 1,5521,Haugesund,H0101,,Småhus,1954,D,Yellow,2010-01-09T22:35:30.0000000,Simple,A2010-840,198.64,,Tre,False,
1124,21,283,,,,,Blokkebærvegen 10,4053,RÆGE,H0101,,Småhus,2009,C,Orange,2010-01-09T22:32:12.0000000,Simple,A2010-839,122.6,,Tre,False,
4624,17,262,,,,,Hellebakkane 44,5215,Lysekloster,H0101,,Småhus,1984,D,Red,2010-01-09T22:28:39.0000000,Simple,A2010-836,223.27,,Tre,False,
4601,207,310,23,,,23598914,FOSSANE 64,5132,NYBORG,H0101,,Småhus,2005,D,Red,2010-01-09T22:28:08.0000000,Simple,A2010-835,196.1,,Tre,False,
1103,38,2127,,,,4417518,HAAKON SHETELIGS GATE 12,4041,HAFRSFJORD,H0101,,Småhus,1969,D,Orange,2010-01-09T22:27:59.0000000,Simple,A2010-834,170.32,,Tre,False,
5001,178,266,,,,21072176,JAKOB VINGSANDS VEG 43,7089,HEIMDAL,H0101,,Småhus,2006,C,Orange,2010-01-09T22:14:55.0000000,Simple,A2010-829,142.44,,Tre,False,
1146,122,35,,,,14681876,BÅDSVIKVEGEN 29,5567,SKJOLDASTRAUMEN,H0101,,Småhus,1996,C,Orange,2010-01-09T22:14:17.0000000,Simple,A2010-828,150.87,,Tre,False,
5031,46,357,,,,148,Svehøgda 148,7550,Hommelvik,H0101,,Småhus,1999,D,Orange,2010-01-09T22:12:55.0000000,Simple,A2010-826,199.13,,Tre,False,
3001,208,57,14,,,A,Bidenkaps gate 1A,0165,Oslo,H0602,,Boligblokker,2008,F,Lightgreen,2010-01-09T22:12:42.0000000,Simple,A2010-825,255.95,,Betong,False,
3806,52,91,,,,,Safirvegen 19,3931,Porsgrunn,H0101,,Småhus,1980,E,Yellow,2010-01-09T22:11:09.0000000,Simple,A2010-824,243.2,,Tre,False,
5059,69,48,,,,,Øvre bergslia 9,7336,Meldal,H0101,,Småhus,2009,B,Orange,2010-01-09T22:04:04.0000000,Simple,A2010-821,117.78,,Tre,False,
3030,45,327,5,,,24935973,Fløterhakan 10,1920,SØRUMSAND,H0101,,Småhus,2008,C,Yellow,2010-01-09T22:01:07.0000000,Simple,A2010-819,131.73,,Tre,False,
1106,26,1081,,,,51,Sørhallet 51,5518,Haugesund,H0101,,Småhus,1986,D,Yellow,2010-01-09T21:57:09.0000000,Simple,A2010-814,190.85,,Tre,False,
4601,148,565,,,,,nipedalen 309,5164,laksevåg,H0101,,Småhus,1976,D,Yellow,2010-01-09T21:48:45.0000000,Simple,A2010-810,222.7,,Tre,False,
1804,138,3006,,,,,Anton Gisle Johnsonsvei 1a,8004,Bodø,H0101,,Småhus,1964,E,Orange,2010-01-09T21:41:10.0000000,Simple,A2010-808,289.86,,Tre,False,
3804,426,102,1,,,,Solnesåsen 4 a,3159,Melsomvik,H0101,,Småhus,2005,D,Orange,2010-01-09T21:29:48.0000000,Simple,A2010-805,204.38,,Tre,False,
3807,63,303,,,,,Løbergveien 5,3714,Skien,H0101,,Småhus,1960,F,Orange,2010-01-09T21:20:16.0000000,Simple,A2010-804,366.31,,Mur/tegl,False,
5001,50,361,,,,182255246,ANGELLTRØVEGEN 8,7048,TRONDHEIM,H0101,,Småhus,1968,E,Orange,2010-01-09T21:17:31.0000000,Simple,A2010-803,279.77,,Tre,False,
4204,13,1171,,,,,Nordtjønnåsen 4B,4620,Kristiansand,H0101,,Småhus,1980,D,Orange,2010-01-09T21:03:47.0000000,Simple,A2010-801,228.23,,Tre,False,
3024,94,571,,,,,Gullhauggrenda 30,1354,Bærums Verk,H0101,,Småhus,2004,C,Orange,2010-01-09T20:57:56.0000000,Simple,A2010-800,141.28,,Tre,False,
4601,119,193,,,,139559371,Harald Sæveruds veg 129,5237,RÅDAL,H0101,,Småhus,1959,D,Yellow,2010-01-09T20:36:51.0000000,Simple,A2010-797,226.17,,Tre,False,
0301,30,319,,,,,Elmholt Alle 11,0275,Oslo,H0103,,Boligblokker,1995,E,Red,2010-01-09T20:28:14.0000000,Simple,A2010-794,226.92,,Betong,False,
3807,63,303,,,,,Løbergveien 5,3714,Skien,H0101,,Småhus,1960,G,Orange,2010-01-09T20:17:42.0000000,Simple,A2010-786,461.24,,Mur/tegl,False,
4601,119,193,,,,139559371,Harald Sæveruds veg 129,5237,RÅDAL,H0101,,Småhus,1959,F,Yellow,2010-01-09T20:12:38.0000000,Simple,A2010-782,392.8,,Tre,False,
4214,14,198,,,,16774235,KILBUVEGEN 4,4820,FROLAND,H0101,,Småhus,2004,D,Orange,2010-01-09T20:11:10.0000000,Simple,A2010-781,206.92,,Tre,False,
5402,50,613,,,,,Tuvslettveien 15,9415,Harstad,H0101,,Småhus,1982,D,Yellow,2010-01-09T20:09:17.0000000,Simple,A2010-780,202.81,,Mur/tegl,False,
5401,71,632,,,,,Midtgårdvegen 5,9105,Kvaløya,H0101,,Småhus,2005,C,Yellow,2010-01-09T20:03:58.0000000,Simple,A2010-779,155.28,,Tre,False,
4601,295,439,,,,02365429600,Moldalia 66,5262,espeland,H0101,,Småhus,2006,C,Yellow,2010-01-09T19:59:23.0000000,Simple,A2010-778,154.13,,Tre,False,
4214,14,198,,,,16774235,KILBUVEGEN 4,4820,FROLAND,H0101,,Småhus,2004,E,Orange,2010-01-09T19:58:41.0000000,Simple,A2010-777,265.69,,Tre,False,
1833,99,287,,,,,Åkerloveien 16,8613,Mo i Rana,H0101,,Småhus,1972,E,Yellow,2010-01-09T19:56:22.0000000,Simple,A2010-776,261.73,,Tre,False,
1833,20,357,,,,,Olderveien 18,8622,Mo i Rana,H0101,,Småhus,1994,D,Red,2010-01-09T19:46:58.0000000,Simple,A2010-773,202.86,,Tre,False,
3033,132,27,2,,,,Verkensvegen 12 B,2050,Jessheim,H0101,,Småhus,2002,D,Red,2010-01-09T19:44:00.0000000,Simple,A2010-770,181.54,,Tre,False,
1108,34,94,,,,19382524,SKAARLIA 133,4326,SANDNES,H0101,,Småhus,1999,D,Orange,2010-01-09T19:40:09.0000000,Simple,A2010-767,161.12,,Tre,False,
5406,22,268,,,,23927497,HVALROSSVEIEN 31,9600,HAMMERFEST,H0101,,Småhus,2004,C,Yellow,2010-01-09T19:34:53.0000000,Simple,A2010-766,146.79,,Tre,False,
4627,6,1115,,,,,Øvre Hagen 29,5305,Florvåg,H0101,,Småhus,2002,C,Orange,2010-01-09T19:33:35.0000000,Simple,A2010-764,153.08,,Tre,False,
1804,39,820,,,,19557391,ALSTADTOPPEN 5,8072,BODØ,H0101,,Småhus,2000,D,Orange,2010-01-09T19:30:19.0000000,Simple,A2010-761,174.08,,Tre,False,
1901,56,745,1,,,20249536,MELKHUSVEIEN 10 A,9409,HARSTAD,H0101,,Småhus,2007,D,Red,2010-01-09T19:29:52.0000000,Simple,A2010-759,178.68,,Tre,False,
1103,55,82,,,,1,Bergelandsgt. 41,4012,Stavanger,H0101,,Småhus,1850,G,Orange,2010-01-09T19:24:43.0000000,Simple,A2010-754,459.92,,Tre,False,
4204,19,229,,,,169185794,GRØNNGJELET  3,4640,SØGNE,H0101,,Småhus,1987,E,Orange,2010-01-09T19:20:33.0000000,Simple,A2010-750,301.92,,Tre,False,
3035,94,564,,,,,Furuvegen 12,2070,Råholt,H0101,,Småhus,2008,D,Orange,2010-01-09T19:18:28.0000000,Simple,A2010-748,158.4,,Tre,False,
0301,159,115,,,126,,Bergkrystallen 6,1155,Oslo,H0101,,Boligblokker,1953,G,Red,2010-01-09T19:17:42.0000000,Simple,A2010-747,434.76,,Betong,False,
3001,98,1595,,,,,Rubinveien 5,1784,Halden,H0101,,Småhus,2001,C,Lightgreen,2010-01-09T19:07:59.0000000,Simple,A2010-743,133.24,,Tre,False,
4627,8,486,,,,0,Grønnlivegen 19,5300,Kleppestø,H0101,,Småhus,1970,E,Yellow,2010-01-09T19:07:32.0000000,Simple,A2010-742,299.35,,Tre,False,
1149,148,870,,,,13716498,Legevegen 17,5542,KARMSUND,H0101,,Småhus,2003,C,Yellow,2010-01-09T19:06:56.0000000,Simple,A2010-741,134.36,,Tre,False,
3803,101,161,,,,8290865,ROBERGRØNNINGEN 37,3123,TØNSBERG,H0101,,Småhus,1991,E,Orange,2010-01-09T19:03:38.0000000,Simple,A2010-739,235.8,,Tre,False,
3804,175,142,18,,,19776050,Kilgata 3 D,3217,SANDEFJORD,H0201,,Boligblokker,2005,E,Lightgreen,2010-01-09T19:03:30.0000000,Simple,A2010-738,194.71,,Betong,False,
5059,19,28,,,,183926381,KVAMSVEIEN 55,7336,MELDAL,H0101,,Småhus,1981,F,Red,2010-01-09T18:54:46.0000000,Simple,A2010-736,444.61,,Tre,False,
3020,44,644,,,,,Hans Heltorps vei 1,1415,Oppegård,H0101,,Småhus,1982,E,Orange,2010-01-09T18:53:06.0000000,Simple,A2010-734,258.99,,Tre,False,
3054,173,235,,,,,Elgtråkket 10,2743,Harestua,H0101,,Småhus,1970,D,Green,2010-01-09T18:22:40.0000000,Simple,A2010-733,219.36,,Tre,False,
1870,241,215,,,,19302601,Eidsfjordveien 258,8400,SORTLAND,,,Småhus,2001,D,Lightgreen,2010-01-09T17:56:08.0000000,Simple,A2010-732,158.89,,Tre,False,
0301,159,136,,,1042,,steinspranget 65,1156,oslo,H0101,948776812,Boligblokker,1956,F,Orange,2010-01-09T17:21:08.0000000,Simple,A2010-730,240.3,,Mur/tegl,False,
1130,32,213,,,,300030129,EINERHAUGVEGEN 33,4120,TAU,H0101,,Småhus,2008,C,Orange,2010-01-09T15:40:54.0000000,Simple,A2010-728,152.51,,Tre,False,
1600,64,550,,,,,åsheimenga 12,1621,Gresvik,H0101,,Småhus,2006,D,Orange,2010-01-09T15:10:04.0000000,Simple,A2010-725,162.07,,Tre,False,
0355,98,65,,,,,Tomtervegen 21,2730,LUNNER,H0101,,Småhus,1997,D,Yellow,2010-01-09T14:59:42.0000000,Simple,A2010-724,167.09,,Tre,False,
1845,66,155,,,,,Lilleveien 2,8220,Røsvik,H0101,,Småhus,1982,E,Yellow,2010-01-09T14:56:28.0000000,Simple,A2010-723,255.95,,Tre,False,
1579,34,137,,,,0,Trondvegen 10,6409,Molde,H0101,,Småhus,2002,C,Yellow,2010-01-09T12:14:27.0000000,Simple,A2010-720,133.97,,Tre,False,
3014,35,24,,,,,ekebergbakken 5,1823,knapstad,H0101,,Småhus,1973,E,Red,2010-01-09T12:09:22.0000000,Simple,A2010-719,288.29,,Tre,False,
3020,47,528,,,,,Klaus Egges vei 20,1410,Kolbotn,H0101,,Småhus,1983,E,Orange,2010-01-09T11:39:24.0000000,Simple,A2010-718,283.5,,Tre,False,
3407,76,177,,,,20429518,Bjørnsvelia 21,2819,GJØVIK,H0101,,Småhus,2005,C,Yellow,2010-01-09T10:04:46.0000000,Simple,A2010-715,136.85,,Tre,False,
3019,107,106,,,,,Drømkollveien 11,1550,Hølen,H0101,,Småhus,2008,C,Orange,2010-01-08T23:19:52.0000000,Simple,A2010-714,130.23,,Tre,False,
5401,14,205,,,,,Mikael Olsens vei 50,9022,Krokelvdalen,H0101,,Småhus,1997,D,Orange,2010-01-08T22:58:55.0000000,Simple,A2010-713,218.12,,Tre,False,
3405,86,224,,,,,Jean Heibergsvei 31,2614,Lillehammer,H0101,,Småhus,1988,C,Yellow,2010-01-08T20:11:58.0000000,Simple,A2010-712,139.66,,Betong,False,
4624,8,126,,,,,Internatvegen 25,5212,Søfteland,H0101,,Småhus,1957,E,Yellow,2010-01-08T17:07:22.0000000,Simple,A2010-708,292.98,,Mur/tegl,False,
4624,8,235,,,,,Stallen 15,5212,Søfteland,H0101,,Småhus,1997,D,Yellow,2010-01-08T16:58:41.0000000,Simple,A2010-707,189.29,,Tre,False,
3016,9,156,,,,17,Helsehusveien 17,1890,Rakkestad,H0101,,Småhus,2001,D,Yellow,2010-01-08T16:18:13.0000000,Simple,A2010-706,167.56,,Tre,False,
3033,152,5,,17,,,Gislevollveien 1,2050,Jessheim,H0101,,Småhus,1971,E,Orange,2010-01-08T15:09:33.0000000,Simple,A2010-704,286.96,,Tre,False,
0301,144,1377,,,,81076596,AXEL BRINCHS VEI 17,0682,OSLO,H0101,,Småhus,1968,E,Orange,2010-01-08T14:58:30.0000000,Simple,A2010-702,262.64,,Betong,False,
3803,0153,0330,,,,,Askelysveien 3,3113,Tønsberg,H0101,,Småhus,2003,D,Orange,2010-01-08T14:05:49.0000000,Simple,A2010-700,201.13,,Tre,False,
0301,32,561,,,,80088876,Jensmessveien 5,0376,OSLO,H0101,,Småhus,1948,F,Red,2010-01-08T11:42:02.0000000,Simple,A2010-697,454.64,,Tre,True,
4204,97,191,,,,51,Lian Platå 51,4638,Kristiansand,H0101,,Småhus,1986,D,Orange,2010-01-08T11:29:38.0000000,Simple,A2010-696,209.26,,Tre,False,
4204,106,138,,,,,Svarttjønnheia 148,4645,Nodeland,H0101,,Småhus,1998,C,Yellow,2010-01-08T11:18:21.0000000,Simple,A2010-695,131.59,,Tre,False,
3412,196,381,,,,300081552,Ole Dyrengsvei 20,2340,Løten,H0101,,Småhus,2009,C,Yellow,2010-01-08T10:59:15.0000000,Simple,A2010-694,145.8,,Tre,False,
0301,158,852,,,,,Dovresvingen 14A,1184,Oslo,H0101,,Småhus,1976,D,Orange,2010-01-08T10:02:47.0000000,Simple,A2010-692,215.89,,Tre,False,
3002,88,200,,,,,Hulveien 4,1570,Dilling,H0101,,Småhus,2010,B,Yellow,2010-01-08T09:20:41.0000000,Simple,A2010-691,118.41,,Tre,False,
5401,14,266,,,,16555363,TORAS VEG 11,9022,KROKELVDALEN,H0101,,Småhus,1998,D,Orange,2010-01-07T20:49:00.0000000,Simple,A2010-687,187.24,,Tre,False,
4614,46,217,,,,25831160,SLETTABERGET 15,5412,STORD,H0101,,Småhus,2008,C,Red,2010-01-07T18:54:17.0000000,Simple,A2010-686,156.16,,Tre,False,
4614,58,283,,,,1,Vikanesklevo 1,5410,Sagvåg,H0101,,Småhus,1982,F,Yellow,2010-01-07T17:45:52.0000000,Simple,A2010-685,344.89,,Tre,False,
3034,221,214,,,,,Ilastubben 4,2165,Hvam,H0101,,Småhus,2006,C,Yellow,2010-01-07T16:59:17.0000000,Simple,A2010-684,137.92,,Tre,False,
4601,140,273,,,,23651238,LEIRVIKVEIEN 77 C,5179,GODVIK,H0101,,Småhus,2007,C,Yellow,2010-01-07T16:31:43.0000000,Simple,A2010-683,149.38,,Tre,False,
3004,50,316,,,,,Haugeveien 9,1621,Gressvik,H0101,,Småhus,1906,F,Red,2010-01-07T15:31:37.0000000,Simple,A2010-681,354.24,,Tre,False,
3804,106,165,,,,,Buer Terrasse 2D,3234,Sandefjord,H0101,,Småhus,2004,C,Orange,2010-01-07T14:54:28.0000000,Simple,A2010-679,125.35,,Tre,False,
5401,115,213,,,,190661563,Otervegen 23,9017,TROMSØ,H0101,,Småhus,1979,D,Yellow,2010-01-07T14:11:43.0000000,Simple,A2010-677,202.25,,Tre,False,
5436,17,274,,,,,Akkøyringen 24,9700,Lakselv,H0101,,Småhus,1977,E,Yellow,2010-01-07T14:06:09.0000000,Simple,A2010-676,274.7,,Tre,False,
3025,1,469,,,,,Haukeveien 8,3475,Sætre,H0101,,Småhus,2001,D,Red,2010-01-07T13:10:26.0000000,Simple,A2010-672,195.08,,Tre,False,
3020,44,552,2,,,16853496,FAGERÅSVEIEN 21 A,1415,OPPEGÅRD,H0101,,Småhus,1983,E,Orange,2010-01-07T13:04:04.0000000,Simple,A2010-671,290.14,,Tre,False,
1520,13,198,,,,300046602,BAKKEVEGEN 42,6150,ØRSTA,H0101,,Småhus,1965,D,Yellow,2010-01-07T12:44:32.0000000,Simple,A2010-670,207.67,,Tre,False,
3802,53,170,,,,H0101,Svalestien 2,3080,HOLMESTRAND,H0101,,Småhus,1997,D,Red,2010-01-07T11:49:32.0000000,Simple,A2010-668,198.25,,Tre,False,
4614,55,116,,,,13377235,ÅSAHEIO 64,5412,STORD,H0101,,Småhus,1993,D,Yellow,2010-01-07T11:29:38.0000000,Simple,A2010-666,187.52,,Tre,False,
4204,151,338,,,,,Bydalsveien 68,4628,Kristiansand,H0101,,Småhus,1986,D,Yellow,2010-01-07T10:56:13.0000000,Simple,A2010-664,188.91,,Tre,False,
3014,50,341,,,,,Bueveien 3,1808,Askim,H0101,,Småhus,1979,D,Yellow,2010-01-07T10:55:20.0000000,Simple,A2010-663,194.39,,Tre,False,
3421,70,33,,,,,Skjærbergsvegen 915,2427,PLASSEN,H0101,,Småhus,1926,E,Orange,2010-01-07T09:27:28.0000000,Simple,A2010-661,286.28,,Tre,False,
3026,67,78,,,,147150555,,1950,RØMSKOG,H0101,,Småhus,1978,F,Red,2010-01-07T08:52:26.0000000,Simple,A2010-658,340.48,,Tre,False,
3025,8,31,,,,,Elgtråkket 18,1383,Asker,H0101,,Småhus,1983,D,Orange,2010-01-07T07:21:51.0000000,Simple,A2010-657,214,,Tre,False,
1520,35,30,,,,,bruneveien 113,6156,ørsta,H0101,,Småhus,1982,E,Orange,2010-01-07T00:10:54.0000000,Simple,A2010-656,282.15,,Tre,False,
1520,35,30,,,,,bruneveien 113,6156,ørsta,H0101,,Småhus,1982,F,Orange,2010-01-06T23:17:50.0000000,Simple,A2010-653,428.67,,Tre,False,
3023,30,421,,,,,Tømmerbakkevei 7,1453,Bjørnemyr,H0101,,Småhus,1996,D,Yellow,2010-01-06T23:12:42.0000000,Simple,A2010-651,163.38,,Tre,False,
4601,143,524,,,,,Nedberget 29,5178,Loddefjord,H0101,,Småhus,1978,E,Orange,2010-01-06T23:10:53.0000000,Simple,A2010-650,242.14,,Tre,False,
3420,31,45,,21,,153956472,KANNIKVEGEN 10,2409,ELVERUM,H0101,,Småhus,1968,E,Yellow,2010-01-06T23:04:21.0000000,Simple,A2010-648,266.15,,Tre,False,
3024,94,498,17,,,,Gullhaugveien 123,1354,Bærums Verk,H0302,,Boligblokker,1989,E,Red,2010-01-06T23:00:31.0000000,Simple,A2010-647,233.32,,Betong,False,
3024,94,498,17,,,,Gullhaugveien 123,1354,Bærums Verk,H0302,,Boligblokker,1989,E,Red,2010-01-06T22:56:40.0000000,Simple,A2010-646,233.32,,Betong,False,
5028,35,67,,,,,Gimsmarkvegen 35,7227,Gimse,H0101,,Småhus,2008,D,Red,2010-01-06T22:44:19.0000000,Simple,A2010-643,179.03,,Tre,False,
3024,94,498,17,,,,Gullhaugveien 123,1354,Bærums Verk,H0302,,Boligblokker,1989,E,Red,2010-01-06T22:42:23.0000000,Simple,A2010-642,233.32,,Betong,False,
4631,43,41,,,,,Ryland 35,5917,Rossland,H0101,,Småhus,1960,F,Orange,2010-01-06T22:31:18.0000000,Simple,A2010-640,350.65,,Tre,False,
4207,203,593,,,,,Peer Gynts vei 5,4400,Flekkefjord,H0101,,Småhus,1967,D,Yellow,2010-01-06T22:28:30.0000000,Simple,A2010-639,175.79,,Tre,False,
0301,124,198,31,,,,Spireaveien 10A,0580,Oslo,H0311,,Boligblokker,2005,E,Red,2010-01-06T22:23:18.0000000,Simple,A2010-638,216.78,,Betong,False,
3031,39,203,,,,300075636,ÅNEBYHAUGEN 25,1484,HAKADAL,H0101,,Småhus,2010,B,Yellow,2010-01-06T22:12:03.0000000,Simple,A2010-637,109.79,,Tre,False,
4207,203,593,,,,,Peer Gynts vei 5,4400,Flekkefjord,H0101,,Småhus,1967,E,Yellow,2010-01-06T21:54:42.0000000,Simple,A2010-633,235.85,,Tre,False,
3035,15,241,,,,,Brennlia 25,2080,Eidsvoll,H0101,,Småhus,2002,C,Yellow,2010-01-06T21:42:36.0000000,Simple,A2010-632,127.95,,Tre,False,
3030,58,56,,,,6888712,VARDEVEIEN 88,2020,SKEDSMOKORSET,H0101,,Småhus,1989,D,Yellow,2010-01-06T21:32:55.0000000,Simple,A2010-629,168.62,,Tre,False,
1507,28,480,,,,,Kvennhuslia 12,6270,Brattvåg,H0101,,Småhus,1993,D,Yellow,2010-01-06T20:40:37.0000000,Simple,A2010-628,177.17,,Tre,False,
4627,7,753,,,,,holmedalshammaren 11,5300,kleppestø,H0101,,Småhus,1998,C,Orange,2010-01-06T20:01:57.0000000,Simple,A2010-627,128.76,,Tre,False,
4621,196,44,,,,,helgavangen 34,5700,voss,H0101,,Småhus,1952,D,Yellow,2010-01-06T19:38:13.0000000,Simple,A2010-625,172.92,,Tre,False,
5438,54,270,,,,,Mellomfjellet 11,2022,Gjerdrum,H0101,,Småhus,1999,D,Red,2010-01-06T18:33:54.0000000,Simple,A2010-622,187.52,,Tre,False,
3019,132,1020,,,,300041000,Støaveien 5,1555,SON,H0101,,Småhus,2009,C,Orange,2010-01-06T18:28:16.0000000,Simple,A2010-621,154.97,,Tre,False,
4215,34,60,,,,,Solfladen 8b,4790,Lillesand,H0101,,Småhus,2005,D,Orange,2010-01-06T17:19:27.0000000,Simple,A2010-619,192.8,,Tre,False,
3006,8406,17,,,,,Asbjørnsens vei 10,3613,Kongsberg,H0101,,Småhus,1959,F,Red,2010-01-06T16:56:50.0000000,Simple,A2010-618,356.83,,Tre,False,
3035,243,57,,,,,Feiringvegen 1255,2093,FEIRING,H0101,,Småhus,1975,D,Orange,2010-01-06T16:19:21.0000000,Simple,A2010-617,230.73,,Tre,False,
1507,133,193,,,,,Fjelltunvegen 67b,6007,Ålesund,H0101,,Småhus,1952,E,Yellow,2010-01-06T13:51:20.0000000,Simple,A2010-615,250.58,,Tre,False,
1507,133,193,,,,,Fjelltunvegen 67b,6007,Ålesund,H0101,,Småhus,1952,E,Yellow,2010-01-06T13:37:33.0000000,Simple,A2010-614,250.58,,Tre,False,
4203,502,390,,,,,Egelundveien 3,4839,Arendal,H0101,,Småhus,1906,F,Lightgreen,2010-01-06T13:13:31.0000000,Simple,A2010-613,430.35,,Tre,False,
5401,17,1661,,,,190861538,SKARVEGEN 7,9020,TROMSDALEN,H0101,,Småhus,1961,D,Orange,2010-01-06T12:20:36.0000000,Simple,A2010-612,223.42,,Tre,False,
3049,55,72,,,,21938114,HELGERUDKROKEN 22,3400,LIER,H0101,,Småhus,2003,D,Orange,2010-01-06T10:35:30.0000000,Simple,A2010-610,200.41,,Tre,False,
1108,39,1492,,,,,Austråttbanen 46,4306,Sandnes,H0101,,Småhus,1996,D,Orange,2010-01-05T23:43:15.0000000,Simple,A2010-608,200.15,,Tre,False,
1108,39,1492,,,,,Austråttbanen 46,4306,Sandnes,H0101,,Småhus,1996,D,Red,2010-01-05T23:16:28.0000000,Simple,A2010-607,200.15,,Tre,False,
4204,97,174,,,,33,Lian Platå 33,4638,Kristiansand,H0101,,Småhus,1986,D,Yellow,2010-01-05T21:26:11.0000000,Simple,A2010-606,178.29,,Tre,False,
1837,37,106,,,,,Myrullveien 28,8170,Engavågen,H0101,,Småhus,1979,E,Orange,2010-01-05T20:46:15.0000000,Simple,A2010-605,293.84,,Tre,False,
3025,85,334,,,,,Erik Hansens vei 24,3430,Spikketsad,H0101,,Småhus,1978,F,Red,2010-01-05T17:11:43.0000000,Simple,A2010-604,308.6,,Tre,False,
0301,229,34,51,,,,Herslebsgt.11,0561,Oslo,H0603,,Boligblokker,1991,F,Red,2010-01-05T16:58:54.0000000,Simple,A2010-603,296.82,,Betong,False,
4601,40,251,,,,,Hareveien 4,5236,RÅDAL,H0101,,Småhus,2000,D,Orange,2010-01-05T13:30:10.0000000,Simple,A2010-601,179.99,,Tre,False,
3024,8,1428,,,,,Sørhalla 22B,1344,Haslum,H0101,,Småhus,1978,C,Yellow,2010-01-05T12:44:30.0000000,Simple,A2010-599,153.38,,Tre,False,
3024,8,1428,,,,,Sørhalla 22B,1344,Haslum,H0101,,Småhus,1978,D,Orange,2010-01-05T12:29:51.0000000,Simple,A2010-598,161.4,,Tre,False,
4225,59,45,,,,,Hårtveitsheia 45,4529,Byremo,H0101,,Småhus,1970,D,Yellow,2010-01-05T11:52:16.0000000,Simple,A2010-597,183.45,,Tre,False,
3030,30,136,,,,,Blåveisstien 11,2007,Kjeller,H0101,,Småhus,1962,C,Orange,2010-01-05T10:27:17.0000000,Simple,A2010-595,153.16,,Tre,False,
5401,115,746,,,,,Jektvegen 4,9017,Tromsø,H0101,,Småhus,1992,D,Yellow,2010-01-04T22:56:42.0000000,Simple,A2010-592,184.04,,Tre,False,
4601,23,168,,,0123,,Sikthaugen terrasse 128,5145,"Fyllingsdalen ",H0101,,Småhus,1972,E,Orange,2010-01-04T20:23:40.0000000,Simple,A2010-590,304.05,,Tre,False,
1103,57,654,,,,,Kari Trestakkveien 14,4019,Stavanger,H0101,,Småhus,1961,F,Orange,2010-01-04T20:15:51.0000000,Simple,A2010-588,443.99,,Tre,False,
4601,307,242,,,,,Sørfjordveien 15,5265,Bergen,H0101,,Småhus,1956,E,Orange,2010-01-04T19:25:56.0000000,Simple,A2010-585,279.49,,Tre,False,
3030,81,535,,,,,Inges gate 2,2004,Lillestrøm,H0101,,Småhus,1989,E,Orange,2010-01-04T18:30:58.0000000,Simple,A2010-583,252.63,,Tre,False,
3007,274,280,,,,,Dølerudveien 18,3525,Hallingby,H0101,,Småhus,1979,F,Orange,2010-01-04T15:39:41.0000000,Simple,A2010-580,372.96,,Tre,False,
0301,241,1192,,,,,Rugdestien 3,0778,Oslo,H0101,,Småhus,1990,C,Yellow,2010-01-04T13:02:17.0000000,Simple,A2010-577,155.06,,Betong,False,
5416,17,502,,,,2,Markaveien 2,9360,Bardu,H0101,,Småhus,2004,D,Lightgreen,2010-01-04T12:16:14.0000000,Simple,A2010-576,200.96,,Tre,False,
1870,4,43,,,,453,Sigerfjordveien 453,8400,Sortland,H0101,,Småhus,2007,C,Yellow,2010-01-04T11:28:22.0000000,Simple,A2010-574,142.64,,Tre,False,
3036,145,23,,,,,Kopperudmovegen 11,2032,Maura,H0101,,Småhus,1920,F,Yellow,2010-01-04T11:12:02.0000000,Simple,A2010-573,421.6,,Tre,False,
3025,0092,0551,,,,,Ingolfsvei 25,1385,Asker,H0101,,Småhus,2003,C,Yellow,2010-01-04T09:34:05.0000000,Simple,A2010-571,119.75,,Tre,False,
4601,161,1021,,000,0033,92 F,Nattlandsveien 92 F,5094,Bergen,H0201,955205456,Boligblokker,1959,G,Orange,2010-01-04T02:37:31.0000000,Simple,A2010-570,427.59,,Betong,False,
0301,229,34,50,,,,Herslebsgate 11,0561,Oslo,H0602,,Boligblokker,1991,F,Red,2010-01-03T21:57:32.0000000,Simple,A2010-569,242.29,,Betong,False,
0301,143,525,,,,,Solstugrenda 24,0671,Oslo,H0101,,Småhus,1970,D,Yellow,2010-01-03T21:21:35.0000000,Simple,A2010-568,228.75,,Tre,False,
5001,425,407,,,6,,Viktor Baumanns vei 22 A,7020,Trondheim,H0302,,Boligblokker,1952,D,Orange,2010-01-03T16:24:41.0000000,Simple,A2010-563,154.36,,Betong,False,
3005,13,88,,,,,Neversvingen 64,3047,Drammen,H0101,,Småhus,1966,D,Yellow,2010-01-03T14:09:06.0000000,Simple,A2010-561,220.42,,Tre,False,
5032,65,77,,,,,Nordlia 1,7580,Selbu,H0101,,Småhus,1976,D,Yellow,2010-01-03T13:56:13.0000000,Simple,A2010-559,205.92,,Tre,False,
4203,428,212,,,,,Gamle Nedenesvei 9,4823,NEDENES,H0101,,Småhus,1979,D,Orange,2010-01-03T13:35:27.0000000,Simple,A2010-558,221.16,,Tre,False,
0301,163,82,,,16,,Paal Bergs vei 59,0692,Oslo,H0101,,Småhus,1964,D,Red,2010-01-03T11:17:47.0000000,Simple,A2010-557,189.43,,Tre,False,
4601,199,141,,,,,Gandalen 8,5109,HYLKJE,H0101,,Småhus,1989,D,Orange,2010-01-03T05:02:26.0000000,Simple,A2010-554,161.14,,Tre,False,
1106,22,192,,,,,Heinaveien 25,5515,Haugesund,H0101,,Småhus,1973,D,Yellow,2010-01-03T01:17:11.0000000,Simple,A2010-550,196.49,,Tre,False,
1890,9,97,,,,3,Beiteveien 3,1890,Rakkestad,H0101,,Småhus,1961,E,Yellow,2010-01-02T21:33:02.0000000,Simple,A2010-549,290.26,,Tre,False,
4203,508,788,,,,,Høyåsen 34,4843,Arendal,H0101,,Småhus,1984,E,Orange,2010-01-02T19:12:32.0000000,Simple,A2010-546,271.41,,Tre,False,
0301,191,189,,,,,Holmsåsen 13,1259,Oslo,H0101,,Småhus,2006,D,Green,2010-01-02T19:02:24.0000000,Simple,A2010-545,191.11,,Tre,False,
4601,124,139,,,,,Sæls vei 67,5173,Loddefjord,H0101,,Småhus,1967,D,Yellow,2010-01-02T17:08:22.0000000,Simple,A2010-543,229.49,,Tre,False,
1121,27,66,,,,,Fjellbekkvegen 15,4355,Kvernaland,H0101,,Småhus,1978,E,Orange,2010-01-02T14:35:46.0000000,Simple,A2010-539,281.95,,Tre,False,
1833,174,42,,,,,Storåsveien 66,8725,Utskarpen,H0101,,Småhus,1988,D,Yellow,2010-01-02T12:48:07.0000000,Simple,A2010-537,174.75,,Tre,False,
7224,201,47,,,,,Litjstenen 22,7232,lundamo,H0101,,Småhus,1983,D,Orange,2010-01-02T10:48:14.0000000,Simple,A2010-536,213.93,,Tre,False,
3022,10,9,,,,,Vestbyveien 138,1440,Drøbak,H0101,,Småhus,1954,D,Orange,2010-01-02T00:31:04.0000000,Simple,A2010-534,214.82,,Tre,False,
3048,77,836,,,,,frogneskroken 10,3300,hokksund,H0101,,Småhus,2000,D,Red,2010-01-01T21:42:12.0000000,Simple,A2010-532,174.8,,Tre,False,
3021,113,138,7,,,,Orrestien 12,1407,Vinterbro,H0101,,Småhus,2006,D,Red,2010-01-01T21:38:08.0000000,Simple,A2010-531,207.62,,Tre,False,
3407,62,150,,,,,Fridtjof Nansens veg 23,2816,Gjøvik,H0101,,Småhus,1965,D,Orange,2010-01-01T15:57:07.0000000,Simple,A2010-526,217.68,,Tre,False,
0301,39,310,,,,,Damkroken 12 B,0373,Oslo,H0101,,Småhus,1948,E,Orange,2010-01-01T15:29:33.0000000,Simple,A2010-525,232.74,,Tre,False,
1860,40,161,,,,,Villaveien 16,8370,Leknes,H0101,,Småhus,1976,F,Yellow,2010-01-01T13:49:23.0000000,Simple,A2010-523,332.1,,Tre,False,
3007,251,118,,,,,Kindsåsveien 57,3533,Tyristrand,H0101,,Småhus,1938,F,Orange,2010-01-01T12:42:05.0000000,Simple,A2010-522,352.01,,Tre,False,
4203,509,483,,,,8718385,Sletteheia 76,4842,Arendal,H0101,,Småhus,1994,E,Orange,2010-01-01T12:36:09.0000000,Simple,A2010-521,243.09,,Tre,False,
3007,251,118,,,,,Kindsåsveien 57,3533,Tyristrand,H0101,,Småhus,1938,F,Orange,2010-01-01T12:25:46.0000000,Simple,A2010-520,433.51,,Tre,False,
3005,113,255,7,,,,Hofgaards gate 16 B,3012,Drammen,h0201,,Boligblokker,1899,D,Orange,2010-01-01T04:49:12.0000000,Simple,A2010-518,143.14,,Mur/tegl,False,
